project,old,new,refs,bucket,kind
calibration,LAMarketData,AQLMarketData,1200,A_convention,class
calibration,LACoreDataService,AQLCoreDataService,689,A_convention,class
calibration,LAStaticData,AQLStaticData,269,A_convention,class
calibration,MAScenarioParam,AQLScenarioParam,263,A_convention,class
calibration,LARiskConfiguration,AQLRiskConfiguration,174,A_convention,class
calibration,LAScenarioConfiguration,AQLScenarioConfiguration,146,A_convention,class
calibration,LAScenarioConfigurationManager,AQLScenarioConfigurationManager,121,A_convention,class
calibration,MAFileAccessor,AQLFileAccessor,121,A_convention,class
calibration,MADealUtils,AQLDealUtils,100,A_convention,class
calibration,LAObjectConfiguration,AQLObjectConfiguration,82,A_convention,class
calibration,LAStaticDataManager,AQLStaticDataManager,80,A_convention,class
calibration,LACalibrationParameters,AQLCalibrationParameters,75,A_convention,class
calibration,LACoreThread,AQLCoreThread,74,A_convention,class
calibration,LACalibrationParametersManager,AQLCalibrationParametersManager,73,A_convention,class
calibration,LARiskConfigurationYieldIRDelta,AQLRiskConfigurationYieldIRDelta,73,A_convention,class
calibration,LADefinitions,AQLDefinitions,69,A_convention,file
calibration,LADealUtils,AQLDealUtils,68,A_convention,file
calibration,LACalibratePool,AQLCalibratePool,67,A_convention,class
calibration,LARiskConfigurationYieldBasisDelta,AQLRiskConfigurationYieldBasisDelta,66,A_convention,class
calibration,MACalibrationFunc,AQLCalibrationFunc,64,A_convention,class
calibration,LACalibrateModelIR,AQLCalibrateModelIR,61,A_convention,class
calibration,LARiskConfigurationVolIRVega,AQLRiskConfigurationVolIRVega,56,A_convention,class
calibration,LARiskConfigurationYieldIRShiftVolIRVega,AQLRiskConfigurationYieldIRShiftVolIRVega,56,A_convention,class
calibration,LARiskConfigurationYield,AQLRiskConfigurationYield,55,A_convention,class
calibration,LARiskConfigurationYieldIRShiftFXDelta,AQLRiskConfigurationYieldIRShiftFXDelta,55,A_convention,class
calibration,LACalibrate,AQLCalibrate,54,A_convention,class
calibration,LARiskConfigurationYieldIRShiftDelta,AQLRiskConfigurationYieldIRShiftDelta,54,A_convention,class
calibration,LARiskConfigurationYieldIRShiftVolFXVega,AQLRiskConfigurationYieldIRShiftVolFXVega,53,A_convention,class
calibration,LACalibrateModel,AQLCalibrateModel,50,A_convention,class
calibration,LARiskConfigurationVolFXVega,AQLRiskConfigurationVolFXVega,50,A_convention,class
calibration,LARiskConfigurationFXShiftYieldBasisDelta,AQLRiskConfigurationFXShiftYieldBasisDelta,49,A_convention,class
calibration,LARiskConfigurationFXShiftYieldIRDelta,AQLRiskConfigurationFXShiftYieldIRDelta,49,A_convention,class
calibration,LARiskConfigurationFX,AQLRiskConfigurationFX,47,A_convention,class
calibration,LARiskConfigurationFXDeltaEx1,AQLRiskConfigurationFXDeltaEx1,47,A_convention,class
calibration,LARiskConfigurationFXShiftVolFXVega,AQLRiskConfigurationFXShiftVolFXVega,47,A_convention,class
calibration,LADefinitionsCalibration,AQLDefinitionsCalibration,46,A_convention,file
calibration,LAMarketDataLMM,AQLMarketDataLMM,44,A_convention,class
calibration,LARiskConfigurationFXShiftDelta,AQLRiskConfigurationFXShiftDelta,44,A_convention,class
calibration,LACalibrateModelFX,AQLCalibrateModelFX,43,A_convention,class
calibration,LACalibrateModelLMM,AQLCalibrateModelLMM,42,A_convention,class
calibration,LARiskConfigurationYieldBasis,AQLRiskConfigurationYieldBasis,42,A_convention,class
calibration,LAMultiSwapPricer,AQLMultiSwapPricer,41,A_convention,class
calibration,LARiskConfigurationYieldDelta,AQLRiskConfigurationYieldDelta,41,A_convention,class
calibration,LACalibrateModelSZ,AQLCalibrateModelSZ,40,A_convention,class
calibration,LAObjectConfigurationManager,AQLObjectConfigurationManager,40,A_convention,class
calibration,LARiskConfigurationManager,AQLRiskConfigurationManager,40,A_convention,class
calibration,LACalibrateModelHW,AQLCalibrateModelHW,39,A_convention,class
calibration,LARiskConfigurationVolFXShiftVolFXVega,AQLRiskConfigurationVolFXShiftVolFXVega,39,A_convention,class
calibration,LACalibrateModelPtberg,AQLCalibrateModelPtberg,38,A_convention,class
calibration,LACurveSetup,AQLCurveSetup,37,A_convention,class
calibration,LADataInstanceConfigurationPV,AQLDataInstanceConfigurationPV,37,A_convention,class
calibration,LAMarketDataHW,AQLMarketDataHW,37,A_convention,class
calibration,LAModelConfiguration,AQLModelConfiguration,37,A_convention,class
calibration,LARiskConfigurationVolParallel,AQLRiskConfigurationVolParallel,37,A_convention,class
calibration,MAValuePrinter,AQLValuePrinter,36,A_convention,class
calibration,LACalibrateVolatilityLMM,AQLCalibrateVolatilityLMM,35,A_convention,class
calibration,LACalibrateVolatilityManager,AQLCalibrateVolatilityManager,35,A_convention,class
calibration,LARiskConfigurationTheta,AQLRiskConfigurationTheta,34,A_convention,class
calibration,LACalibrateVolatility,AQLCalibrateVolatility,33,A_convention,class
calibration,LACalibrateVolatilitySZ,AQLCalibrateVolatilitySZ,32,A_convention,class
calibration,LARiskConfigurationCorDelta,AQLRiskConfigurationCorDelta,32,A_convention,class
calibration,LARiskConfigurationFXDelta,AQLRiskConfigurationFXDelta,32,A_convention,class
calibration,LACalibrateModelFXStrangleSolver,AQLCalibrateModelFXStrangleSolver,31,A_convention,class
calibration,LAModelSetupBase,AQLModelSetupBase,31,A_convention,class
calibration,MALogger,AQLLogger,31,A_convention,class
calibration,LACalibrateModelFXVannaVolga,AQLCalibrateModelFXVannaVolga,30,A_convention,class
calibration,LACalibrationParametersPtberg,AQLCalibrationParametersPtberg,30,A_convention,class
calibration,LADefinitionsRisk,AQLDefinitionsRisk,30,A_convention,file
calibration,LACalibrateModelFXVanilla,AQLCalibrateModelFXVanilla,29,A_convention,class
calibration,LACalibrateModelVolFactor,AQLCalibrateModelVolFactor,29,A_convention,class
calibration,LACalibrateVolatilityFXStrangleSolver,AQLCalibrateVolatilityFXStrangleSolver,29,A_convention,class
calibration,LACalibrateVolatilityFXVannaVolga,AQLCalibrateVolatilityFXVannaVolga,29,A_convention,class
calibration,LACalibrateVolatilityHW,AQLCalibrateVolatilityHW,29,A_convention,class
calibration,LACalibrateVolatilityIRSABR,AQLCalibrateVolatilityIRSABR,29,A_convention,class
calibration,LACalibrateVolatilityPtberg,AQLCalibrateVolatilityPtberg,29,A_convention,class
calibration,LAObjectConfigurationVanilla,AQLObjectConfigurationVanilla,29,A_convention,class
calibration,LARiskConfigurationVolSwaptionVega,AQLRiskConfigurationVolSwaptionVega,29,A_convention,class
calibration,LARiskConfigurationVolatility,AQLRiskConfigurationVolatility,29,A_convention,class
calibration,LARiskConfigurationYieldBasisDeltaOptionAnalytic,AQLRiskConfigurationYieldBasisDeltaOptionAnalytic,29,A_convention,class
calibration,LARiskConfigurationYieldIRDeltaOptionAnalytic,AQLRiskConfigurationYieldIRDeltaOptionAnalytic,29,A_convention,class
calibration,MALogManager,AQLLogManager,29,A_convention,class
calibration,MAMasterRegistManager,AQLMasterRegistManager,29,A_convention,class
calibration,MALoggerImpl,AQLLoggerImpl,28,A_convention,class
calibration,LARiskConfigurationCreditSpreadDelta,AQLRiskConfigurationCreditSpreadDelta,27,A_convention,class
calibration,LACalibrateModelIRVanilla,AQLCalibrateModelIRVanilla,26,A_convention,class
calibration,LARiskConfigurationVolFXVegaOptionAnalytic,AQLRiskConfigurationVolFXVegaOptionAnalytic,26,A_convention,class
calibration,LACalibratePtberg,AQLCalibratePtberg,25,A_convention,class
calibration,LACalibrationParametersLMM,AQLCalibrationParametersLMM,25,A_convention,class
calibration,LARiskConfigurationVolCapVega,AQLRiskConfigurationVolCapVega,25,A_convention,class
calibration,LARiskConfigurationVolFXATMParallelVega,AQLRiskConfigurationVolFXATMParallelVega,25,A_convention,class
calibration,LARiskConfigurationFXDeltaOptionAnalytic,AQLRiskConfigurationFXDeltaOptionAnalytic,24,A_convention,class
calibration,LARiskConfigurationFXShiftDeltaOptionAnalytic,AQLRiskConfigurationFXShiftDeltaOptionAnalytic,24,A_convention,class
calibration,LARiskConfigurationThetaOptionAnalytic,AQLRiskConfigurationThetaOptionAnalytic,24,A_convention,class
calibration,LARiskConfigurationYieldIRDeltaGamma,AQLRiskConfigurationYieldIRDeltaGamma,24,A_convention,class
calibration,MAPtbergUtils,AQLPtbergUtils,24,A_convention,class
calibration,LARiskConfigurationFXDeltaGamma,AQLRiskConfigurationFXDeltaGamma,23,A_convention,class
calibration,LARiskConfigurationVolCreatorLMM,AQLRiskConfigurationVolCreatorLMM,23,A_convention,class
calibration,LACalibrationParametersSZ,AQLCalibrationParametersSZ,22,A_convention,class
calibration,LACurveProperties,AQLCurveProperties,22,A_convention,class
calibration,LACalibrateSZ,AQLCalibrateSZ,21,A_convention,class
calibration,LAScenarioConfigurationVolatility,AQLScenarioConfigurationVolatility,21,A_convention,class
calibration,LAScenarioConfigurationYieldCurveBasis,AQLScenarioConfigurationYieldCurveBasis,21,A_convention,class
calibration,LACalibrateModelHW3F,AQLCalibrateModelHW3F,20,A_convention,class
calibration,LACalibrateModelPtberg3F,AQLCalibrateModelPtberg3F,20,A_convention,class
calibration,LACalibrateModelPtbergSkew,AQLCalibrateModelPtbergSkew,20,A_convention,class
calibration,LADataInstanceConfiguration,AQLDataInstanceConfiguration,20,A_convention,class
calibration,LADataInstanceConfigurationRisk,AQLDataInstanceConfigurationRisk,20,A_convention,class
calibration,LAFileAccessor,AQLFileAccessor,20,A_convention,file
calibration,LAScenarioConfigurationYieldCurveMultiParallel,AQLScenarioConfigurationYieldCurveMultiParallel,20,A_convention,class
calibration,MAEvent,AQLEvent,20,A_convention,class
calibration,LACalibrateModelIRSABR,AQLCalibrateModelIRSABR,19,A_convention,class
calibration,LACalibrateModelLMMDmy,AQLCalibrateModelLMMDmy,19,A_convention,class
calibration,LACalibrationFunc,AQLCalibrationFunc,19,A_convention,file
calibration,LAModelSetupVanilla,AQLModelSetupVanilla,19,A_convention,class
calibration,LAObjectConfigurationHW,AQLObjectConfigurationHW,19,A_convention,class
calibration,LAObjectConfigurationLMM,AQLObjectConfigurationLMM,19,A_convention,class
calibration,LAScenarioConfigurationYieldCurve,AQLScenarioConfigurationYieldCurve,19,A_convention,class
calibration,MACalibrationThread,AQLCalibrationThread,19,A_convention,class
calibration,LACalibrateHW,AQLCalibrateHW,18,A_convention,class
calibration,LACalibrateIRSABR,AQLCalibrateIRSABR,18,A_convention,class
calibration,LACalibrateLMM,AQLCalibrateLMM,18,A_convention,class
calibration,LACalibrationParametersFXVannaVolga,AQLCalibrationParametersFXVannaVolga,18,A_convention,class
calibration,LACalibrationParametersHW,AQLCalibrationParametersHW,18,A_convention,class
calibration,LAScenarioConfigurationFX,AQLScenarioConfigurationFX,18,A_convention,class
calibration,LAScenarioConfigurationYieldCurveZero,AQLScenarioConfigurationYieldCurveZero,18,A_convention,class
calibration,LACalibrateFXStrangleSolver,AQLCalibrateFXStrangleSolver,17,A_convention,class
calibration,LACalibrateFXVannaVolga,AQLCalibrateFXVannaVolga,17,A_convention,class
calibration,LACalibratePtberg3F,AQLCalibratePtberg3F,17,A_convention,class
calibration,LACalibrationParametersFXStrangleSolver,AQLCalibrationParametersFXStrangleSolver,17,A_convention,class
calibration,LACalibrationUtilities,AQLCalibrationUtilities,17,A_convention,class
calibration,LAModelSetupHW,AQLModelSetupHW,17,A_convention,class
calibration,LAModelSetupLMM,AQLModelSetupLMM,17,A_convention,class
calibration,LARiskConfigurationYieldBasisAnalytic,AQLRiskConfigurationYieldBasisAnalytic,17,A_convention,class
calibration,LARiskConfigurationYieldBasisDeltaAnalytic,AQLRiskConfigurationYieldBasisDeltaAnalytic,17,A_convention,class
calibration,LARiskConfigurationYieldDeltaAnalytic,AQLRiskConfigurationYieldDeltaAnalytic,17,A_convention,class
calibration,LARiskConfigurationYieldIRDeltaAnalytic,AQLRiskConfigurationYieldIRDeltaAnalytic,17,A_convention,class
calibration,LACalibrationParametersIRSABR,AQLCalibrationParametersIRSABR,16,A_convention,class
calibration,LACalibrationParametersPtberg3F,AQLCalibrationParametersPtberg3F,16,A_convention,class
calibration,LARiskConfigurationVolCreator,AQLRiskConfigurationVolCreator,16,A_convention,class
calibration,LACoreMutex,AQLCoreMutex,14,A_convention,class
calibration,LADefinitionsPtberg,AQLDefinitionsPtberg,14,A_convention,file
calibration,LADefinitionsHW,AQLDefinitionsHW,13,A_convention,file
calibration,LARiskConfigurationVolCreatorManager,AQLRiskConfigurationVolCreatorManager,13,A_convention,class
calibration,LAModelSetup,AQLModelSetup,12,A_convention,class
calibration,LAStaticDataImport,AQLStaticDataImport,12,A_convention,class
calibration,MAFileUtils,AQLFileUtils,12,A_convention,class
calibration,LARiskConfigurationVolCreatorPtberg,AQLRiskConfigurationVolCreatorPtberg,10,A_convention,class
calibration,MMATM,AQLATM,10,B_acronym,class
calibration,LALogManager,AQLLogManager,9,A_convention,file
calibration,LALogger,AQLLogger,9,A_convention,file
calibration,LARiskConfigurationIRVega,AQLRiskConfigurationIRVega,9,A_convention,class
calibration,LADefinitionsLMM,AQLDefinitionsLMM,8,A_convention,file
calibration,MAComp_StrTerm,AQLComp_StrTerm,8,A_convention,class
calibration,MAIndexData,AQLIndexData,8,A_convention,class
calibration,LADefinitionsIRSABR,AQLDefinitionsIRSABR,7,A_convention,file
calibration,MASwapConvention,AQLSwapConvention,7,A_convention,class
calibration,LAPtbergUtils,AQLPtbergUtils,5,A_convention,file
calibration,LARiskConfigurationYieldIRDeltaMultiParallel,AQLRiskConfigurationYieldIRDeltaMultiParallel,5,A_convention,class
calibration,LARiskConfigurationYieldIRDeltaSimple,AQLRiskConfigurationYieldIRDeltaSimple,5,A_convention,class
calibration,LACalibrateTerminate,AQLCalibrateTerminate,4,A_convention,class
calibration,LAModelManager,AQLModelManager,4,A_convention,file
calibration,MACalibCorrelationParam,AQLCalibCorrelationParam,4,A_convention,class
calibration,LADefinitionsSZ,AQLDefinitionsSZ,3,A_convention,file
calibration,LAEvent,AQLEvent,3,A_convention,file
calibration,LACalibrateModelFXStrangleSolver_h,AQLCalibrateModelFXStrangleSolver_h,2,A_convention,macro
calibration,LACalibrateModelFXVanilla_h,AQLCalibrateModelFXVanilla_h,2,A_convention,macro
calibration,LACalibrateModelFXVannaVolga_h,AQLCalibrateModelFXVannaVolga_h,2,A_convention,macro
calibration,LACalibrateModelHW3F_h,AQLCalibrateModelHW3F_h,2,A_convention,macro
calibration,LACalibrateModelHW_h,AQLCalibrateModelHW_h,2,A_convention,macro
calibration,LACalibrateModelIRSABR_h,AQLCalibrateModelIRSABR_h,2,A_convention,macro
calibration,LACalibrateModelIRVanilla_h,AQLCalibrateModelIRVanilla_h,2,A_convention,macro
calibration,LACalibrateModelIR_h,AQLCalibrateModelIR_h,2,A_convention,macro
calibration,LACalibrateModelLMMDmy_h,AQLCalibrateModelLMMDmy_h,2,A_convention,macro
calibration,LACalibrateModelLMM_h,AQLCalibrateModelLMM_h,2,A_convention,macro
calibration,LACalibrateModelPtberg3F_h,AQLCalibrateModelPtberg3F_h,2,A_convention,macro
calibration,LACalibrateModelPtbergSkew_h,AQLCalibrateModelPtbergSkew_h,2,A_convention,macro
calibration,LACalibrateModelPtberg_h,AQLCalibrateModelPtberg_h,2,A_convention,macro
calibration,LACalibrateModelVolFactor_h,AQLCalibrateModelVolFactor_h,2,A_convention,macro
calibration,LACalibrateModel_h,AQLCalibrateModel_h,2,A_convention,macro
calibration,LACalibratePool_h,AQLCalibratePool_h,2,A_convention,macro
calibration,LACalibrateVolatilityFXStrangleSolver_h,AQLCalibrateVolatilityFXStrangleSolver_h,2,A_convention,macro
calibration,LACalibrateVolatilityFXVannaVolga_h,AQLCalibrateVolatilityFXVannaVolga_h,2,A_convention,macro
calibration,LACalibrateVolatilityHW_h,AQLCalibrateVolatilityHW_h,2,A_convention,macro
calibration,LACalibrateVolatilityIRSABR_h,AQLCalibrateVolatilityIRSABR_h,2,A_convention,macro
calibration,LACalibrateVolatilityLMM_h,AQLCalibrateVolatilityLMM_h,2,A_convention,macro
calibration,LACalibrateVolatilityManager_h,AQLCalibrateVolatilityManager_h,2,A_convention,macro
calibration,LACalibrateVolatilityPtberg_h,AQLCalibrateVolatilityPtberg_h,2,A_convention,macro
calibration,LACalibrateVolatilitySZ_h,AQLCalibrateVolatilitySZ_h,2,A_convention,macro
calibration,LACalibrateVolatility_h,AQLCalibrateVolatility_h,2,A_convention,macro
calibration,LACalibrationParametersFXStrangleSolver_h,AQLCalibrationParametersFXStrangleSolver_h,2,A_convention,macro
calibration,LACalibrationParametersFXVannaVolga_h,AQLCalibrationParametersFXVannaVolga_h,2,A_convention,macro
calibration,LACalibrationParametersHW_h,AQLCalibrationParametersHW_h,2,A_convention,macro
calibration,LACalibrationParametersIRSABR_h,AQLCalibrationParametersIRSABR_h,2,A_convention,macro
calibration,LACalibrationParametersLMM_h,AQLCalibrationParametersLMM_h,2,A_convention,macro
calibration,LACalibrationParametersPtberg3F_h,AQLCalibrationParametersPtberg3F_h,2,A_convention,macro
calibration,LACalibrationParametersPtberg_h,AQLCalibrationParametersPtberg_h,2,A_convention,macro
calibration,LACalibrationParametersSZ_h,AQLCalibrationParametersSZ_h,2,A_convention,macro
calibration,LACalibrationParameters_h,AQLCalibrationParameters_h,2,A_convention,macro
calibration,LACalibrationThread,AQLCalibrationThread,2,A_convention,file
calibration,LADataInstanceConfigurationPV_h,AQLDataInstanceConfigurationPV_h,2,A_convention,macro
calibration,LADataInstanceConfigurationRisk_h,AQLDataInstanceConfigurationRisk_h,2,A_convention,macro
calibration,LADataInstanceConfiguration_h,AQLDataInstanceConfiguration_h,2,A_convention,macro
calibration,LADefinitionsCalibration_h,AQLDefinitionsCalibration_h,2,A_convention,macro
calibration,LADefinitionsFXStrangleSolver_h,AQLDefinitionsFXStrangleSolver_h,2,A_convention,macro
calibration,LADefinitionsFXVannaVolga,AQLDefinitionsFXVannaVolga,2,A_convention,file
calibration,LADefinitionsFXVannaVolga_h,AQLDefinitionsFXVannaVolga_h,2,A_convention,macro
calibration,LADefinitionsHW_h,AQLDefinitionsHW_h,2,A_convention,macro
calibration,LADefinitionsIRSABR_h,AQLDefinitionsIRSABR_h,2,A_convention,macro
calibration,LADefinitionsLMM_h,AQLDefinitionsLMM_h,2,A_convention,macro
calibration,LADefinitionsPtberg_h,AQLDefinitionsPtberg_h,2,A_convention,macro
calibration,LADefinitionsRisk_h,AQLDefinitionsRisk_h,2,A_convention,macro
calibration,LADefinitionsSZ_h,AQLDefinitionsSZ_h,2,A_convention,macro
calibration,LAModelConfiguration_h,AQLModelConfiguration_h,2,A_convention,macro
calibration,LAModelSetupHW_h,AQLModelSetupHW_h,2,A_convention,macro
calibration,LAModelSetupLMM_h,AQLModelSetupLMM_h,2,A_convention,macro
calibration,LAModelSetupVanilla_h,AQLModelSetupVanilla_h,2,A_convention,macro
calibration,LAModelSetup_h,AQLModelSetup_h,2,A_convention,macro
calibration,LAMultiSwapPricer_h,AQLMultiSwapPricer_h,2,A_convention,macro
calibration,LAObjectConfigurationHW_h,AQLObjectConfigurationHW_h,2,A_convention,macro
calibration,LAObjectConfigurationLMM_h,AQLObjectConfigurationLMM_h,2,A_convention,macro
calibration,LAObjectConfigurationManager_h,AQLObjectConfigurationManager_h,2,A_convention,macro
calibration,LAObjectConfigurationVanilla_h,AQLObjectConfigurationVanilla_h,2,A_convention,macro
calibration,LAObjectConfiguration_h,AQLObjectConfiguration_h,2,A_convention,macro
calibration,LARiskConfigurationCorDelta_h,AQLRiskConfigurationCorDelta_h,2,A_convention,macro
calibration,LARiskConfigurationCreditSpreadDelta_h,AQLRiskConfigurationCreditSpreadDelta_h,2,A_convention,macro
calibration,LARiskConfigurationFXDeltaEx1_h,AQLRiskConfigurationFXDeltaEx1_h,2,A_convention,macro
calibration,LARiskConfigurationFXDeltaGamma_h,AQLRiskConfigurationFXDeltaGamma_h,2,A_convention,macro
calibration,LARiskConfigurationFXDeltaOptionAnalytic_h,AQLRiskConfigurationFXDeltaOptionAnalytic_h,2,A_convention,macro
calibration,LARiskConfigurationFXDelta_h,AQLRiskConfigurationFXDelta_h,2,A_convention,macro
calibration,LARiskConfigurationFXShiftDeltaOptionAnalytic_h,AQLRiskConfigurationFXShiftDeltaOptionAnalytic_h,2,A_convention,macro
calibration,LARiskConfigurationFXShiftDelta_h,AQLRiskConfigurationFXShiftDelta_h,2,A_convention,macro
calibration,LARiskConfigurationFXShiftVolFXVega_h,AQLRiskConfigurationFXShiftVolFXVega_h,2,A_convention,macro
calibration,LARiskConfigurationFXShiftYieldBasisDelta_h,AQLRiskConfigurationFXShiftYieldBasisDelta_h,2,A_convention,macro
calibration,LARiskConfigurationFXShiftYieldIRDelta_h,AQLRiskConfigurationFXShiftYieldIRDelta_h,2,A_convention,macro
calibration,LARiskConfigurationFX_h,AQLRiskConfigurationFX_h,2,A_convention,macro
calibration,LARiskConfigurationIRVega_h,AQLRiskConfigurationIRVega_h,2,A_convention,macro
calibration,LARiskConfigurationManager_h,AQLRiskConfigurationManager_h,2,A_convention,macro
calibration,LARiskConfigurationThetaOptionAnalytic_h,AQLRiskConfigurationThetaOptionAnalytic_h,2,A_convention,macro
calibration,LARiskConfigurationTheta_h,AQLRiskConfigurationTheta_h,2,A_convention,macro
calibration,LARiskConfigurationVolCapVega_h,AQLRiskConfigurationVolCapVega_h,2,A_convention,macro
calibration,LARiskConfigurationVolCreatorLMM_h,AQLRiskConfigurationVolCreatorLMM_h,2,A_convention,macro
calibration,LARiskConfigurationVolCreatorManager_h,AQLRiskConfigurationVolCreatorManager_h,2,A_convention,macro
calibration,LARiskConfigurationVolCreatorPtberg_h,AQLRiskConfigurationVolCreatorPtberg_h,2,A_convention,macro
calibration,LARiskConfigurationVolCreator_h,AQLRiskConfigurationVolCreator_h,2,A_convention,macro
calibration,LARiskConfigurationVolFXATMParallelVega_h,AQLRiskConfigurationVolFXATMParallelVega_h,2,A_convention,macro
calibration,LARiskConfigurationVolFXShiftVolFXVega_h,AQLRiskConfigurationVolFXShiftVolFXVega_h,2,A_convention,macro
calibration,LARiskConfigurationVolFXVegaOptionAnalytic_h,AQLRiskConfigurationVolFXVegaOptionAnalytic_h,2,A_convention,macro
calibration,LARiskConfigurationVolFXVega_h,AQLRiskConfigurationVolFXVega_h,2,A_convention,macro
calibration,LARiskConfigurationVolIRVega_h,AQLRiskConfigurationVolIRVega_h,2,A_convention,macro
calibration,LARiskConfigurationVolParallel_h,AQLRiskConfigurationVolParallel_h,2,A_convention,macro
calibration,LARiskConfigurationVolSwaptionVega_h,AQLRiskConfigurationVolSwaptionVega_h,2,A_convention,macro
calibration,LARiskConfigurationVolatility_h,AQLRiskConfigurationVolatility_h,2,A_convention,macro
calibration,LARiskConfigurationYieldBasisAnalytic_h,AQLRiskConfigurationYieldBasisAnalytic_h,2,A_convention,macro
calibration,LARiskConfigurationYieldBasisDeltaAnalytic_h,AQLRiskConfigurationYieldBasisDeltaAnalytic_h,2,A_convention,macro
calibration,LARiskConfigurationYieldBasisDeltaOptionAnalytic_h,AQLRiskConfigurationYieldBasisDeltaOptionAnalytic_h,2,A_convention,macro
calibration,LARiskConfigurationYieldBasisDelta_h,AQLRiskConfigurationYieldBasisDelta_h,2,A_convention,macro
calibration,LARiskConfigurationYieldBasis_h,AQLRiskConfigurationYieldBasis_h,2,A_convention,macro
calibration,LARiskConfigurationYieldDeltaAnalytic_h,AQLRiskConfigurationYieldDeltaAnalytic_h,2,A_convention,macro
calibration,LARiskConfigurationYieldDelta_h,AQLRiskConfigurationYieldDelta_h,2,A_convention,macro
calibration,LARiskConfigurationYieldIRDeltaAnalytic_h,AQLRiskConfigurationYieldIRDeltaAnalytic_h,2,A_convention,macro
calibration,LARiskConfigurationYieldIRDeltaOptionAnalytic_h,AQLRiskConfigurationYieldIRDeltaOptionAnalytic_h,2,A_convention,macro
calibration,LARiskConfigurationYieldIRDelta_h,AQLRiskConfigurationYieldIRDelta_h,2,A_convention,macro
calibration,LARiskConfigurationYieldIRShiftDelta_h,AQLRiskConfigurationYieldIRShiftDelta_h,2,A_convention,macro
calibration,LARiskConfigurationYieldIRShiftFXDelta_h,AQLRiskConfigurationYieldIRShiftFXDelta_h,2,A_convention,macro
calibration,LARiskConfigurationYieldIRShiftVolFXVega_h,AQLRiskConfigurationYieldIRShiftVolFXVega_h,2,A_convention,macro
calibration,LARiskConfigurationYieldIRShiftVolIRVega_h,AQLRiskConfigurationYieldIRShiftVolIRVega_h,2,A_convention,macro
calibration,LARiskConfigurationYield_h,AQLRiskConfigurationYield_h,2,A_convention,macro
calibration,LARiskConfiguration_h,AQLRiskConfiguration_h,2,A_convention,macro
calibration,LAScenarioConfigurationFX_h,AQLScenarioConfigurationFX_h,2,A_convention,macro
calibration,LAScenarioConfigurationManager_h,AQLScenarioConfigurationManager_h,2,A_convention,macro
calibration,LAScenarioConfigurationVolatility_h,AQLScenarioConfigurationVolatility_h,2,A_convention,macro
calibration,LAScenarioConfigurationYieldCurveBasis_h,AQLScenarioConfigurationYieldCurveBasis_h,2,A_convention,macro
calibration,LAScenarioConfigurationYieldCurveMultiPara_h,AQLScenarioConfigurationYieldCurveMultiPara_h,2,A_convention,macro
calibration,LAScenarioConfigurationYieldCurveZero_h,AQLScenarioConfigurationYieldCurveZero_h,2,A_convention,macro
calibration,LAScenarioConfigurationYieldCurve_h,AQLScenarioConfigurationYieldCurve_h,2,A_convention,macro
calibration,LAScenarioConfiguration_h,AQLScenarioConfiguration_h,2,A_convention,macro
calibration,LA_CURVE_SETUP_H,AQL_CURVE_SETUP_H,2,C_underscore,macro
calibration,LA_MODEL_SETUP_H,AQL_MODEL_SETUP_H,2,C_underscore,macro
calibration,MACalibrationThread_h,AQLCalibrationThread_h,2,A_convention,macro
calibration,MADealUtils_h,AQLDealUtils_h,2,A_convention,macro
calibration,MAEVENT_h,AQLEVENT_h,2,B_acronym,macro
calibration,MAFileUtils_h,AQLFileUtils_h,2,A_convention,macro
calibration,MAMasterRegistManager_h,AQLMasterRegistManager_h,2,A_convention,macro
calibration,MAPtbergUtils_h,AQLPtbergUtils_h,2,A_convention,macro
calibration,MAUSSocketRequestPool,AQLUSSocketRequestPool,2,B_acronym,class
calibration,MAValuePrinter_h,AQLValuePrinter_h,2,A_convention,macro
calibration,LACoreGridConfiguation,AQLCoreGridConfiguation,1,A_convention,file
calibration,LADefinitionsFXStrangleSolver,AQLDefinitionsFXStrangleSolver,1,A_convention,file
calibration,LADefinitionsHazardRate,AQLDefinitionsHazardRate,1,A_convention,file
calibration,LAFileUtils,AQLFileUtils,1,A_convention,file
calibration,LAValuePrinter,AQLValuePrinter,1,A_convention,file
calibration,LACoreGridExceptions,AQLCoreGridExceptions,0,A_convention,file
math,MDFile,AQLFile,37,A_convention,class
math,MDObjHolder,AQLObjHolder,30,A_convention,class
math,MDBase,AQLBase,20,A_convention,class
math,MMInnerFunction,AQLInnerFunction,19,A_convention,class
math,MDCSVFileLoader,AQLCSVFileLoader,10,B_acronym,class
math,MFFlowDate,AQLFlowDate,6,A_convention,class
math,MDBASE,AQLBASE,2,B_acronym,macro
math,MDBase_h,AQLBase_h,2,A_convention,macro
math,MDCSVFILELOADER,AQLCSVFILELOADER,2,B_acronym,macro
math,MDCSVFileLoader_h,AQLCSVFileLoader_h,2,B_acronym,macro
math,MDFile_h,AQLFile_h,2,A_convention,macro
math,MFDefine_h,AQLDefine_h,2,A_convention,macro
math,MMGAUSSLOBATTOINTEGRAL_H,AQLGAUSSLOBATTOINTEGRAL_H,2,B_acronym,macro
math,MMNl2sol_h,AQLNl2sol_h,2,A_convention,macro
math,ME_BUILD_EURUSD_JPYUSD_XCCY_CURVE,AQL_BUILD_EURUSD_JPYUSD_XCCY_CURVE,?,extra,cross-cut
math,ME_BUILD_EURUSD_XCCY_CURVE,AQL_BUILD_EURUSD_XCCY_CURVE,?,extra,cross-cut
math,ME_BUILD_EUR_CURVE,AQL_BUILD_EUR_CURVE,?,extra,cross-cut
math,ME_BUILD_GBPEUR_FWD_CURVE,AQL_BUILD_GBPEUR_FWD_CURVE,?,extra,cross-cut
math,ME_BUILD_GBP_CURVE,AQL_BUILD_GBP_CURVE,?,extra,cross-cut
math,ME_BUILD_JPY_CURVE,AQL_BUILD_JPY_CURVE,?,extra,cross-cut
math,ME_BUILD_USD_CURVE,AQL_BUILD_USD_CURVE,?,extra,cross-cut
math,AQ_2D_MATRIX_CHECK,AQ_2D_MATRIX_CHECK,?,extra,cross-cut
models,MVReplication,AQLReplication,36,A_convention,class
models,MVSABRSwaptionCalculator,AQLSABRSwaptionCalculator,17,B_acronym,class
models,MVReplicationIntegrand,AQLReplicationIntegrand,9,A_convention,class
models,MVVIntegrand,AQLVIntegrand,9,B_acronym,class
models,MMCFpremCall,AQLCFpremCall,8,B_acronym,class
models,MMCFpremPut,AQLCFpremPut,8,B_acronym,class
models,MMCFvegaCall,AQLCFvegaCall,8,B_acronym,class
models,MMCFvegaPut,AQLCFvegaPut,8,B_acronym,class
models,MVBenaimSABRSwaptionCalculator,AQLBenaimSABRSwaptionCalculator,8,A_convention,class
models,MMHWQAdjInnerFunc1,AQLHWQAdjInnerFunc1,7,B_acronym,class
models,MMHWQAdjInnerFunc2,AQLHWQAdjInnerFunc2,7,B_acronym,class
models,MMHWQAdjInnerFunc3,AQLHWQAdjInnerFunc3,7,B_acronym,class
models,MMSBprobDNT,AQLSBprobDNT,7,B_acronym,class
models,MMSBprobUNT,AQLSBprobUNT,7,B_acronym,class
models,MMZeroForError,AQLZeroForError,7,A_convention,class
models,MVFlatSABRSwaptionCalculator,AQLFlatSABRSwaptionCalculator,7,A_convention,class
models,MFParameterMatrix,AQLParameterMatrix,6,A_convention,class
models,MVThresholdSABRSwaptionCalculator,AQLThresholdSABRSwaptionCalculator,6,A_convention,class
models,MMAFFpremCall,AQLAFFpremCall,5,B_acronym,class
models,MMAFFpremPut,AQLAFFpremPut,5,B_acronym,class
models,MMDBpremKIC,AQLDBpremKIC,5,B_acronym,class
models,MMDBpremKIP,AQLDBpremKIP,5,B_acronym,class
models,MMDBpremKOC,AQLDBpremKOC,5,B_acronym,class
models,MMDBpremKOP,AQLDBpremKOP,5,B_acronym,class
models,MMDBpremRH,AQLDBpremRH,5,B_acronym,class
models,MMDBpremRI,AQLDBpremRI,5,B_acronym,class
models,MMDBpremRL,AQLDBpremRL,5,B_acronym,class
models,MMDGdeltaCall,AQLDGdeltaCall,5,B_acronym,class
models,MMDGdeltaPut,AQLDGdeltaPut,5,B_acronym,class
models,MMDGgammaCall,AQLDGgammaCall,5,B_acronym,class
models,MMDGgammaPut,AQLDGgammaPut,5,B_acronym,class
models,MMDGphiCall,AQLDGphiCall,5,B_acronym,class
models,MMDGphiPut,AQLDGphiPut,5,B_acronym,class
models,MMDGpremCall,AQLDGpremCall,5,B_acronym,class
models,MMDGpremPut,AQLDGpremPut,5,B_acronym,class
models,MMDGrhoCall,AQLDGrhoCall,5,B_acronym,class
models,MMDGrhoPut,AQLDGrhoPut,5,B_acronym,class
models,MMDGthetaCall,AQLDGthetaCall,5,B_acronym,class
models,MMDGthetaPut,AQLDGthetaPut,5,B_acronym,class
models,MMDGvegaCall,AQLDGvegaCall,5,B_acronym,class
models,MMDGvegaPut,AQLDGvegaPut,5,B_acronym,class
models,MMFD1stDiffCallFwd,AQLFD1stDiffCallFwd,5,B_acronym,class
models,MMFD1stDiffCallSpot,AQLFD1stDiffCallSpot,5,B_acronym,class
models,MMFD1stDiffPutFwd,AQLFD1stDiffPutFwd,5,B_acronym,class
models,MMFD1stDiffPutSpot,AQLFD1stDiffPutSpot,5,B_acronym,class
models,MMFD2ndDiffCallFwd,AQLFD2ndDiffCallFwd,5,B_acronym,class
models,MMFD2ndDiffCallSpot,AQLFD2ndDiffCallSpot,5,B_acronym,class
models,MMFDdeltaCallFwd,AQLFDdeltaCallFwd,5,B_acronym,class
models,MMFDdeltaCallSpot,AQLFDdeltaCallSpot,5,B_acronym,class
models,MMFDdeltaPutFwd,AQLFDdeltaPutFwd,5,B_acronym,class
models,MMFDdeltaPutSpot,AQLFDdeltaPutSpot,5,B_acronym,class
models,MMSBdeltaDIC,AQLSBdeltaDIC,5,B_acronym,class
models,MMSBdeltaDIP,AQLSBdeltaDIP,5,B_acronym,class
models,MMSBdeltaDOC,AQLSBdeltaDOC,5,B_acronym,class
models,MMSBdeltaDOP,AQLSBdeltaDOP,5,B_acronym,class
models,MMSBdeltaUIC,AQLSBdeltaUIC,5,B_acronym,class
models,MMSBdeltaUIP,AQLSBdeltaUIP,5,B_acronym,class
models,MMSBdeltaUOC,AQLSBdeltaUOC,5,B_acronym,class
models,MMSBdeltaUOP,AQLSBdeltaUOP,5,B_acronym,class
models,MMSBgammaDIC,AQLSBgammaDIC,5,B_acronym,class
models,MMSBgammaDIP,AQLSBgammaDIP,5,B_acronym,class
models,MMSBgammaDOC,AQLSBgammaDOC,5,B_acronym,class
models,MMSBgammaDOP,AQLSBgammaDOP,5,B_acronym,class
models,MMSBgammaUIC,AQLSBgammaUIC,5,B_acronym,class
models,MMSBgammaUIP,AQLSBgammaUIP,5,B_acronym,class
models,MMSBgammaUOC,AQLSBgammaUOC,5,B_acronym,class
models,MMSBgammaUOP,AQLSBgammaUOP,5,B_acronym,class
models,MMSBphiDIC,AQLSBphiDIC,5,B_acronym,class
models,MMSBphiDIP,AQLSBphiDIP,5,B_acronym,class
models,MMSBphiDOC,AQLSBphiDOC,5,B_acronym,class
models,MMSBphiDOP,AQLSBphiDOP,5,B_acronym,class
models,MMSBphiUIC,AQLSBphiUIC,5,B_acronym,class
models,MMSBphiUIP,AQLSBphiUIP,5,B_acronym,class
models,MMSBphiUOC,AQLSBphiUOC,5,B_acronym,class
models,MMSBphiUOP,AQLSBphiUOP,5,B_acronym,class
models,MMSBpremDIC,AQLSBpremDIC,5,B_acronym,class
models,MMSBpremDIP,AQLSBpremDIP,5,B_acronym,class
models,MMSBpremDOC,AQLSBpremDOC,5,B_acronym,class
models,MMSBpremDOP,AQLSBpremDOP,5,B_acronym,class
models,MMSBpremUIC,AQLSBpremUIC,5,B_acronym,class
models,MMSBpremUIP,AQLSBpremUIP,5,B_acronym,class
models,MMSBpremUOC,AQLSBpremUOC,5,B_acronym,class
models,MMSBpremUOP,AQLSBpremUOP,5,B_acronym,class
models,MMSBrhoDIC,AQLSBrhoDIC,5,B_acronym,class
models,MMSBrhoDIP,AQLSBrhoDIP,5,B_acronym,class
models,MMSBrhoDOC,AQLSBrhoDOC,5,B_acronym,class
models,MMSBrhoDOP,AQLSBrhoDOP,5,B_acronym,class
models,MMSBrhoUIC,AQLSBrhoUIC,5,B_acronym,class
models,MMSBrhoUIP,AQLSBrhoUIP,5,B_acronym,class
models,MMSBrhoUOC,AQLSBrhoUOC,5,B_acronym,class
models,MMSBrhoUOP,AQLSBrhoUOP,5,B_acronym,class
models,MMSBthetaDIC,AQLSBthetaDIC,5,B_acronym,class
models,MMSBthetaDIP,AQLSBthetaDIP,5,B_acronym,class
models,MMSBthetaDOC,AQLSBthetaDOC,5,B_acronym,class
models,MMSBthetaDOP,AQLSBthetaDOP,5,B_acronym,class
models,MMSBthetaUIC,AQLSBthetaUIC,5,B_acronym,class
models,MMSBthetaUIP,AQLSBthetaUIP,5,B_acronym,class
models,MMSBthetaUOC,AQLSBthetaUOC,5,B_acronym,class
models,MMSBthetaUOP,AQLSBthetaUOP,5,B_acronym,class
models,MMSBvegaDIC,AQLSBvegaDIC,5,B_acronym,class
models,MMSBvegaDIP,AQLSBvegaDIP,5,B_acronym,class
models,MMSBvegaDOC,AQLSBvegaDOC,5,B_acronym,class
models,MMSBvegaDOP,AQLSBvegaDOP,5,B_acronym,class
models,MMSBvegaUIC,AQLSBvegaUIC,5,B_acronym,class
models,MMSBvegaUIP,AQLSBvegaUIP,5,B_acronym,class
models,MMSBvegaUOC,AQLSBvegaUOC,5,B_acronym,class
models,MMSBvegaUOP,AQLSBvegaUOP,5,B_acronym,class
models,MVCurveWrap,AQLCurveWrap,5,A_convention,class
models,MMDigitalAnalyticFormula,AQLDigitalAnalyticFormula,3,A_convention,class
models,MFParameterUtility_h,AQLParameterUtility_h,2,A_convention,macro
models,MMAnalyticFormula_h,AQLAnalyticFormula_h,2,A_convention,macro
models,MMContainer_h,AQLContainer_h,2,A_convention,macro
models,MVBenaimSABRSwaptionCalculator_h,AQLBenaimSABRSwaptionCalculator_h,2,A_convention,macro
models,MVFlatSABRSwaptionCalculator_h,AQLFlatSABRSwaptionCalculator_h,2,A_convention,macro
models,MVReplication_h,AQLReplication_h,2,A_convention,macro
models,MVSABRSwaptionCalculator_h,AQLSABRSwaptionCalculator_h,2,B_acronym,macro
models,MVThresholdSABRSwaptionCalculator_h,AQLThresholdSABRSwaptionCalculator_h,2,A_convention,macro
