old,new,refs,flag
TryMeCurveOis,TryAqCurvesOis,110,
TryMeCurveStd,TryAqCurvesStd,99,
TryMeCurveTenorBasis,TryAqCurvesTenorBasis,80,
tryMeCurveDisplay,tryAqCurvesDisplay,51,
TryMeCurveXccyBasis,TryAqCurvesXccyBasis,42,
setUpMeSTDCurve,setUpAqSTDCurve,27,
tryMeCurveDiscountFactor,tryAqCurvesDiscountFactor,27,
setUpMeOISCurve,setUpAqOISCurve,25,
tryMeCurveForwardRate,tryAqCurvesForwardRate,25,
tryMeUtilitySetup,tryAqToolsSetup,23,
TryMeCurveAccessors,TryAqCurvesAccessors,22,
TryMeCurveFwdFxConst,TryAqCurvesFwdFxConst,20,
meDateFromTenor,aqDatesFromTenor,20,
tryMeCurveDiscountFactorsFromYearFractions,tryAqCurvesDiscountFactorsFromYearFractions,20,
tryMeCurveResultsDiscountFactorsDisplayAll,tryAqCurvesResultsDiscountFactorsDisplayAll,20,
meCurveCalibrateBasis,aqCurvesCalibrateBasis,19,
meCurveCompoundRate,aqCurvesCompoundRate,19,
tryMeCurveDiscountFactorsDisplay,tryAqCurvesDiscountFactorsDisplay,19,
tryMeUtilityInterpolation,tryAqToolsInterpolation,18,
meCurveDisplay,aqCurvesDisplay,17,
tryMeCurveForwardRatesFromForwardDates,tryAqCurvesForwardRatesFromForwardDates,17,
tryMeUtilityClearEntityPool,tryAqToolsClearEntityPool,17,
meCurveCalibrate,aqCurvesCalibrate,16,
setUpMeTenorBasisCurve,setUpAqTenorBasisCurve,16,
TestMeMathBlackScholes,TestAqMathBlackScholes,15,
meCurveCalibrateFXForwards,aqCurvesCalibrateFXForwards,15,
meCurveCalibrateOIS,aqCurvesCalibrateOIS,15,
meCurveCalibrateSwap,aqCurvesCalibrateSwap,15,
meDateCentralBank,aqDatesCentralBank,15,
meProductAssetSwapSpread,aqAssetSwapSpread,15,
meProductSwapDV01,aqSwapDV01,15,
meProductSwapPV,aqSwapPV,15,
meProductSwapPV01,aqSwapPV01,15,
meProductSwapParRate,aqSwapParRate,15,
meProductSwapSchedule,aqSwapSchedule,15,
meProductSwapStubRate,aqSwapStubRate,15,
meUtilityInterpolation,aqToolsInterpolation,15,
meUtilityLVB,aqToolsLVB,15,
meUtilityPCA,aqToolsPCA,15,
tryMeDateNextECBMeetingDate,tryAqDatesNextECBMeetingDate,15,
meProductOISPV,aqOISPV,14,
meProductOISParRate,aqOISParRate,14,
tryMeCurveCalibrateBasis,tryAqCurvesCalibrateBasis,14,
tryMeMathEuropeanIRSwaptionCashAnnuity,tryAqMathEuropeanIRSwaptionCashAnnuity,14,
tryMeMathEuropeanIRSwaptionPrice,tryAqMathEuropeanIRSwaptionPrice,14,
tryMeUtilityLVBAdd,tryAqToolsLVBAdd,14,
meCurveDiscountFactorsForwardStartingFromTenor,aqCurvesDiscountFactorsForwardStartingFromTenor,13,
meCurveDiscountFactorsForwardStartingFromYearFractions,aqCurvesDiscountFactorsForwardStartingFromYearFractions,13,
meCurveInterpolationJoinDate,aqCurvesInterpolationJoinDate,13,
meUtilityRecord,aqToolsRecord,13,
tryMeCurveForwardRatesFromYearFraction,tryAqCurvesForwardRatesFromYearFraction,13,
tryMeDateFromTenor,tryAqDatesFromTenor,13,
tryMeDateNthECBMeetingDate,tryAqDatesNthECBMeetingDate,13,
tryMeDateYearFraction,tryAqDatesYearFraction,13,
tryMeProductSwapStubRate,tryAqSwapStubRate,13,
meCurveDiscountFactors,aqCurvesDiscountFactors,12,
meCurveDiscountFactorsFromTenors,aqCurvesDiscountFactorsFromTenors,12,
meCurveDiscountFactorsFromYearFractions,aqCurvesDiscountFactorsFromYearFractions,12,
meCurveResults,aqCurvesResults,12,
meUtilityVersion,aqToolsVersion,12,
tryMeDateNextECBSwapEndDate,tryAqDatesNextECBSwapEndDate,12,
tryMeDateNextECBSwapStartDate,tryAqDatesNextECBSwapStartDate,12,
tryMeDateNthECBSwapEndDate,tryAqDatesNthECBSwapEndDate,12,
tryMeDateNthECBSwapStartDate,tryAqDatesNthECBSwapStartDate,12,
tryMeMathBlackScholesPrices,tryAqMathBlackScholesPrices,12,
buildMeAndGeneratorCurves_BASIS,buildAqAndGeneratorCurves_BASIS,11,
meCurveDiscountFactorsForwardStarting,aqCurvesDiscountFactorsForwardStarting,11,
meCurveDualBootstrap,aqCurvesDualBootstrap,11,
meCurveForwardRate,aqCurvesForwardRate,11,
setUpMeXccyBasisCurve,setUpAqXccyBasisCurve,11,
tryMeCurveCalibrateFXForwards,tryAqCurvesCalibrateFXForwards,11,
tryMeCurveCalibrateOIS,tryAqCurvesCalibrateOIS,11,
tryMeCurveCalibrateSwap,tryAqCurvesCalibrateSwap,11,
tryMeDate,tryAqDates,11,
tryMeMathForwardRates,tryAqMathForwardRates,11,
tryMeUtilityClean,tryAqToolsClean,11,
meBondCurve,aqBondsCurve,10,
meDateYearFraction,aqDatesYearFraction,10,
tryMeCurveCompoundRate,tryAqCurvesCompoundRate,10,
tryMeCurveGetInterpolationJoinDate,tryAqCurvesGetInterpolationJoinDate,10,
tryMeUtilityLVBCreate,tryAqToolsLVBCreate,10,
meCurveDiscountFactor,aqCurvesDiscountFactor,9,
meCurveZeroRate,aqCurvesZeroRate,9,
meDate,aqDates,9,
meDateIMM,aqDatesIMM,9,
meFixingDates,aqRatesFixingDates,9,
meUtilitySetup,aqToolsSetup,9,
tryMeCurveResults,tryAqCurvesResults,9,
tryMeCurveResultsForwardRatesDisplay,tryAqCurvesResultsForwardRatesDisplay,9,
tryMeProductSwapDelta,tryAqSwapDelta,9,
buildMeAndGeneratorCurves_STD,buildAqAndGeneratorCurves_STD,8,
meCurveForwardRates,aqCurvesForwardRates,8,
meCurveZeroRatesFromTenors,aqCurvesZeroRatesFromTenors,8,
meCurveZeroRatesFromYearFractions,aqCurvesZeroRatesFromYearFractions,8,
meUtilityLoadCalendarFile,aqToolsLoadCalendarFile,8,
setUpMeFwdFxConstCurveCurve,setUpAqFwdFxConstCurveCurve,8,
tryMeCurveDiscountFactors,tryAqCurvesDiscountFactors,8,
tryMeCurveForwardRates,tryAqCurvesForwardRates,8,
tryMeCurveGroupCreate,tryAqCurvesGroupCreate,8,
tryMeCurveResultsDiscountFactorsUpdate,tryAqCurvesResultsDiscountFactorsUpdate,8,
tryMeCurveResultsJacobianDiscountFactorDelta,tryAqCurvesResultsJacobianDiscountFactorDelta,8,
tryMeProductAssetSwapSpread,tryAqAssetSwapSpread,8,
tryMeProductOISPV,tryAqOISPV,8,
tryMeProductOISParRate,tryAqOISParRate,8,
tryMeProductSwapPV,tryAqSwapPV,8,
tryMeProductSwapParRate,tryAqSwapParRate,8,
tryMeUtilityAppend,tryAqToolsAppend,8,
tryMeUtilityDataFilter,tryAqToolsDataFilter,8,
TestMeMathEuropeanIRSwaption,TestAqMathEuropeanIRSwaption,7,
TestMeMathNormalDistribution,TestAqMathNormalDistribution,7,
TryMeTestCurveStdSerialFuture,TryAqTestCurveStdSerialFuture,7,
meForwardRates,aqRatesForwardRates,7,
meMathLiborConvexityAdjustmentForArbitraryFixingDate,aqMathLiborConvexityAdjustmentForArbitraryFixingDate,7,
tryMeCurveDiscountFactorsFromTenors,tryAqCurvesDiscountFactorsFromTenors,7,
tryMeDateCentralBank,tryAqDatesCentralBank,7,
tryMeDateECB,tryAqDatesECB,7,
tryMeMathBlackScholesPrice,tryAqMathBlackScholesPrice,7,
tryMeProductSwapSchedule,tryAqSwapSchedule,7,
buildMeAndGeneratorCurves_OIS,buildAqAndGeneratorCurves_OIS,6,
meCurveForwardRatesFromForwardDates,aqCurvesForwardRatesFromForwardDates,6,
meCurveForwardRatesFromYearFraction,aqCurvesForwardRatesFromYearFraction,6,
meDateBusinessDays,aqDatesBusinessDays,6,
meDateECB,aqDatesECB,6,
meDateECBSwapEnd,aqDatesECBSwapEnd,6,
meDateECBSwapStart,aqDatesECBSwapStart,6,
meDateFromYearFraction,aqDatesFromYearFraction,6,
meDateIMMFromMonth,aqDatesIMMFromMonth,6,
meDateNthIMM,aqDatesNthIMM,6,
meDateNthIMMFromStartDate,aqDatesNthIMMFromStartDate,6,
meUtilityLoadStaticData,aqToolsLoadStaticData,6,
tryMeCurveCalibrateCTD,tryAqCurvesCalibrateCTD,6,
tryMeCurveCompoundRateWithFixingTable,tryAqCurvesCompoundRateWithFixingTable,6,
tryMeCurveDualBootstrap,tryAqCurvesDualBootstrap,6,
tryMeDateIMMNext,tryAqDatesIMMNext,6,
tryMeDateIMMNth,tryAqDatesIMMNth,6,
tryMeDateIMMPrevious,tryAqDatesIMMPrevious,6,
tryMeMathBlackScholesImpliedVols,tryAqMathBlackScholesImpliedVols,6,
tryMeMathForwardRate,tryAqMathForwardRate,6,
tryMeProductSwapDV01,tryAqSwapDV01,6,
tryMeProductSwapPV01,tryAqSwapPV01,6,
tryMeProductSwapPVLVBKeys,tryAqSwapPVLVBKeys,6,
tryMeUtilityLVB,tryAqToolsLVB,6,
tryMeUtilityPCA,tryAqToolsPCA,6,
meCurveGetInterpolationJoinDate,aqCurvesGetInterpolationJoinDate,5,
tryMeBondCurveCreate,tryAqBondsCurveCreate,5,
tryMeCurveDelete,tryAqCurvesDelete,5,
tryMeCurveDiscountFactorsForwardStarting,tryAqCurvesDiscountFactorsForwardStarting,5,
tryMeCurveDiscountFactorsForwardStartingFromTenor,tryAqCurvesDiscountFactorsForwardStartingFromTenor,5,
tryMeCurveDiscountFactorsForwardStartingFromYearFractions,tryAqCurvesDiscountFactorsForwardStartingFromYearFractions,5,
tryMeCurveEuroDollarConvexityAdjustment,tryAqCurvesEuroDollarConvexityAdjustment,5,
tryMeCurveInterpolationJoinDate,tryAqCurvesInterpolationJoinDate,5,
tryMeCurveResultsDiscountFactorsDisplay,tryAqCurvesResultsDiscountFactorsDisplay,5,
tryMeCurveZeroRatesFromTenors,tryAqCurvesZeroRatesFromTenors,5,
tryMeCurveZeroRatesFromYearFractions,tryAqCurvesZeroRatesFromYearFractions,5,
tryMeDateECBSwapStart,tryAqDatesECBSwapStart,5,
tryMeEchoDouble,tryAqToolsEchoDouble,5,
tryMeMathIntegrate,tryAqMathIntegrate,5,
tryMeProductBondSchedule,tryAqBondsSchedule,5,
tryMeProductSwapScheduleFixed,tryAqSwapScheduleFixed,5,
tryMeProductSwapScheduleFloat,tryAqSwapScheduleFloat,5,
tryMeSABRGetPrem,tryAqVolsSABRGetPrem,5,
tryMeSABRGetVol,tryAqVolsSABRGetVol,5,
tryMeSwapLegLVBKeys,tryAqSwapsLegLVBKeys,5,
tryMeUtilityLoadConfigurationFiles,tryAqToolsLoadConfigurationFiles,5,
tryMeUtilityRecord,tryAqToolsRecord,5,
TryMeTestCurveStdEUR,TryAqTestCurveStdEUR,4,
TryMeTestCurveStdEUR_ConvexAdjOverride,TryAqTestCurveStdEUR_ConvexAdjOverride,4,
TryMeTestCurveStdGBP,TryAqTestCurveStdGBP,4,
TryMeTestCurveStdJPY,TryAqTestCurveStdJPY,4,
TryMeTestCurveStdSerialFRA,TryAqTestCurveStdSerialFRA,4,
TryMeTestCurveStdUSD,TryAqTestCurveStdUSD,4,
TryMeTestCurveTenorBasisEUR3M6M,TryAqTestCurveTenorBasisEUR3M6M,4,
TryMeTestCurveTenorBasisGBP3M6M,TryAqTestCurveTenorBasisGBP3M6M,4,
TryMeTestCurveTenorBasisJPY3M6M,TryAqTestCurveTenorBasisJPY3M6M,4,
TryMeTestCurveTenorBasisUSD3M6M,TryAqTestCurveTenorBasisUSD3M6M,4,
TryMeUtilityLVB,TryAqToolsLVB,4,
meCurveCompoundRateWithFixingTable,aqCurvesCompoundRateWithFixingTable,4,
meProductSwapScheduleFixed,aqSwapScheduleFixed,4,
meProductSwapScheduleFloat,aqSwapScheduleFloat,4,
meSwapDelta,aqSwapsDelta,4,
meSwapDeltaLadder,aqSwapsDeltaLadder,4,
meUtilityLVBAdd,aqToolsLVBAdd,4,
meUtilityLVBAppendAndCreate,aqToolsLVBAppendAndCreate,4,
meUtilityLVBCreate,aqToolsLVBCreate,4,
numMeForwardRateCols,numAqForwardRateCols,4,
numMeForwardRateRows,numAqForwardRateRows,4,
setUpMeCTDCurve,setUpAqCTDCurve,4,
tryMeBondCurveNelsonSiegelCalibrate,tryAqBondsCurveNelsonSiegelCalibrate,4,
tryMeBondCurveNelsonSiegelYield,tryAqBondsCurveNelsonSiegelYield,4,
tryMeBondCurvePolynomialCalibrate,tryAqBondsCurvePolynomialCalibrate,4,
tryMeBondCurvePolynomialYield,tryAqBondsCurvePolynomialYield,4,
tryMeBondCurveSvenssonCalibrate,tryAqBondsCurveSvenssonCalibrate,4,
tryMeBondCurveSvenssonYield,tryAqBondsCurveSvenssonYield,4,
tryMeCurveDatesToTerms,tryAqCurvesDatesToTerms,4,
tryMeCurveDiscountFactorsOverride,tryAqCurvesDiscountFactorsOverride,4,
tryMeCurveDiscountFactorsSetToOne,tryAqCurvesDiscountFactorsSetToOne,4,
tryMeCurveForwardRatesOverride,tryAqCurvesForwardRatesOverride,4,
tryMeCurveFrequency,tryAqCurvesFrequency,4,
tryMeCurveResultsDelete,tryAqCurvesResultsDelete,4,
tryMeCurveTermsToDates,tryAqCurvesTermsToDates,4,
tryMeDateBusinessDays,tryAqDatesBusinessDays,4,
tryMeDateECBSwapEnd,tryAqDatesECBSwapEnd,4,
tryMeDateFromYearFraction,tryAqDatesFromYearFraction,4,
tryMeDateIMMCurrent,tryAqDatesIMMCurrent,4,
tryMeDateIMMFromMonth,tryAqDatesIMMFromMonth,4,
tryMeDateNthIMM,tryAqDatesNthIMM,4,
tryMeDateNthIMMFromStartDate,tryAqDatesNthIMMFromStartDate,4,
tryMeFuturesTickerCurrent,tryAqFuturesTickerCurrent,4,FLAG
tryMeMathBlackScholesGamma,tryAqMathBlackScholesGamma,4,
tryMeMathBlackScholesImpliedVol,tryAqMathBlackScholesImpliedVol,4,
tryMeMathBlackScholesRho,tryAqMathBlackScholesRho,4,
tryMeMathBlackScholesTheta,tryAqMathBlackScholesTheta,4,
tryMeMathBlackScholesVega,tryAqMathBlackScholesVega,4,
tryMeMathCapletFloorletImpliedVol,tryAqMathCapletFloorletImpliedVol,4,
tryMeMathCapletFloorletImpliedVols,tryAqMathCapletFloorletImpliedVols,4,
tryMeMathDiscountFactor,tryAqMathDiscountFactor,4,
tryMeMathDiscountFactors,tryAqMathDiscountFactors,4,
tryMeMathEuropeanIRSwaption,tryAqMathEuropeanIRSwaption,4,
tryMeMathEuropeanIRSwaptionImpliedVol,tryAqMathEuropeanIRSwaptionImpliedVol,4,
tryMeMathEuropeanIRSwaptionImpliedVols,tryAqMathEuropeanIRSwaptionImpliedVols,4,
tryMeMathNormalDistribution,tryAqMathNormalDistribution,4,
tryMeProductAssetSwapSpreadLVBKeys,tryAqAssetSwapSpreadLVBKeys,4,
tryMeProductOISPVLVBKeys,tryAqOISPVLVBKeys,4,
tryMeProductOISParRateLVBKeys,tryAqOISParRateLVBKeys,4,
tryMeProductSwapDV01LVBKeys,tryAqSwapDV01LVBKeys,4,
tryMeProductSwapPV01LVBKeys,tryAqSwapPV01LVBKeys,4,
tryMeProductSwapParRateLVBKeys,tryAqSwapParRateLVBKeys,4,
tryMeProductSwapStubRateLVBKeys,tryAqSwapStubRateLVBKeys,4,
tryMeSABRCalibrate,tryAqVolsSABRCalibrate,4,
tryMeUtilityDatesToTerms,tryAqToolsDatesToTerms,4,
tryMeUtilityLVBFromKeysValues,tryAqToolsLVBFromKeysValues,4,
tryMeUtilityTermsToDates,tryAqToolsTermsToDates,4,
TestMeCurveCheapestToDeliver_USD_SEK,TestAqCurvesCheapestToDeliver_USD_SEK,3,
TestMeCurveGroupingJPY,TestAqCurvesGroupingJPY,3,
TestMeMathVolatility,TestAqMathVolatility,3,
TryMeTestCurveOisEUR,TryAqTestCurveOisEUR,3,
TryMeTestCurveOisGBP,TryAqTestCurveOisGBP,3,
TryMeTestCurveOisJPY,TryAqTestCurveOisJPY,3,
TryMeTestCurveOisUSD,TryAqTestCurveOisUSD,3,
TryMeTestTradeEUROISParRate,TryAqTestTradeEUROISParRate,3,
TryMeTestTradeEURSwapParRate,TryAqTestTradeEURSwapParRate,3,
meCurveCollection,aqCurvesCollection,3,
meUtilityClearEntityPool,aqToolsClearEntityPool,3,
tryMeBondCurveDisplay,tryAqBondsCurveDisplay,3,
tryMeBondCurves,tryAqBondsCurves,3,
tryMeCurveInterpolation,tryAqCurvesInterpolation,3,
tryMeCurveResultsDeleteAll,tryAqCurvesResultsDeleteAll,3,
tryMeCurveUSDSpotDate,tryAqCurvesUSDSpotDate,3,
tryMeDateIsHoliday,tryAqDatesIsHoliday,3,
tryMeDateIsRegularSwapSchedule,tryAqDatesIsRegularSwapSchedule,3,
tryMeDateIsWeekday,tryAqDatesIsWeekday,3,
tryMeDateIsWeekend,tryAqDatesIsWeekend,3,
tryMeDateIsWorkingDay,tryAqDatesIsWorkingDay,3,
tryMeDateShiftedSpotDate,tryAqDatesShiftedSpotDate,3,
tryMeFuturesTickersIMM,tryAqFuturesTickersIMM,3,FLAG
tryMeMathBlackScholes,tryAqMathBlackScholes,3,
tryMeMathConvexity,tryAqMathConvexity,3,
tryMeMathIntegrateUsingTerms,tryAqMathIntegrateUsingTerms,3,
tryMeProductBondScheduleLVBKeys,tryAqBondsScheduleLVBKeys,3,
tryMeProductSwapLegAnnuity,tryAqSwapLegAnnuity,3,
tryMeProductSwapLegPV,tryAqSwapLegPV,3,
tryMeProductSwapScheduleLVBKeys,tryAqSwapScheduleLVBKeys,3,
tryMeSABROutputParameter,tryAqVolsSABROutputParameter,3,
tryMeSABRSetupConvention,tryAqVolsSABRSetupConvention,3,
tryMeSABRSetupParameter,tryAqVolsSABRSetupParameter,3,
tryMeSABRSetupSwaptionVol,tryAqVolsSABRSetupSwaptionVol,3,
tryMeSwapResults,tryAqSwapsResults,3,
tryMeUtilityLVBGroup,tryAqToolsLVBGroup,3,
tryMeUtilityLoadCalendarFile,tryAqToolsLoadCalendarFile,3,
tryMeUtilityLoadStaticData,tryAqToolsLoadStaticData,3,
tryMeUtilityParallelModeEnable,tryAqToolsParallelModeEnable,3,
tryMeUtilityParallelModeStatus,tryAqToolsParallelModeStatus,3,
tryMeUtilityReplay,tryAqToolsReplay,3,
tryMeUtilityVersion,tryAqToolsVersion,3,
TestMeCurveOisAUD_1,TestAqCurvesOisAUD_1,2,
TestMeCurveOisAUD_2,TestAqCurvesOisAUD_2,2,
TestMeDateFuturesContract,TestAqDatesFuturesContract,2,
TryMeTestCurveFwdFxConstEURGBP,TryAqTestCurveFwdFxConstEURGBP,2,
TryMeTestCurveFwdFxConstGBPJPY,TryAqTestCurveFwdFxConstGBPJPY,2,
TryMeTestCurveFwdFxConstJPYEUR,TryAqTestCurveFwdFxConstJPYEUR,2,
TryMeTestCurveFwdFxConstUSDEUR,TryAqTestCurveFwdFxConstUSDEUR,2,
TryMeTestCurveTenorBasisJPY3M6MConvergence,TryAqTestCurveTenorBasisJPY3M6MConvergence,2,
TryMeTestCurveXccyBasisEUR,TryAqTestCurveXccyBasisEUR,2,
TryMeTestCurveXccyBasisGBP,TryAqTestCurveXccyBasisGBP,2,
TryMeTestCurveXccyBasisJPY,TryAqTestCurveXccyBasisJPY,2,
TryMeTestTradeEURAssetSwapSpread,TryAqTestTradeEURAssetSwapSpread,2,
TryMeTestTradeEURSwapStubRate,TryAqTestTradeEURSwapStubRate,2,
TryMeTestTradeEURSwapStubRate2,TryAqTestTradeEURSwapStubRate2,2,
TryMeTestTradeEURSwapStubRate3,TryAqTestTradeEURSwapStubRate3,2,
TryMeTestTradeEURSwapStubRate4,TryAqTestTradeEURSwapStubRate4,2,
buildMeAndGeneratorCurves_XCCY,buildAqAndGeneratorCurves_XCCY,2,
meBondCurveNelsonSiegelCalibrate,aqBondsCurveNelsonSiegelCalibrate,2,
meBondCurveNelsonSiegelYield,aqBondsCurveNelsonSiegelYield,2,
meBondCurvePolynomialCalibrate,aqBondsCurvePolynomialCalibrate,2,
meBondCurvePolynomialYield,aqBondsCurvePolynomialYield,2,
meBondCurveSvenssonCalibrate,aqBondsCurveSvenssonCalibrate,2,
meBondCurveSvenssonYield,aqBondsCurveSvenssonYield,2,
meCompoundRate,aqRatesCompoundRate,2,
meCurveCalibrateCTD,aqCurvesCalibrateCTD,2,
meCurveResultsDisplayDiscountFactors,aqCurvesResultsDisplayDiscountFactors,2,
meCurveZeroRateFromTenors,aqCurvesZeroRateFromTenors,2,
meCurveZeroRateFromYearFractions,aqCurvesZeroRateFromYearFractions,2,
meDateFuturesContract,aqDatesFuturesContract,2,
meDateIsHoliday,aqDatesIsHoliday,2,
meDateIsWeekday,aqDatesIsWeekday,2,
meDateIsWeekend,aqDatesIsWeekend,2,
meDateIsWorkingDay,aqDatesIsWorkingDay,2,
meDateShiftedSpotDate,aqDatesShiftedSpotDate,2,
meFXForwards,aqFXForwards,2,FLAG
meFXForwardsFromDiscountCurves,aqFXForwardsFromDiscountCurves,2,FLAG
meMathLiborConvexityAdjustmentInArrears,aqMathLiborConvexityAdjustmentInArrears,2,
meMathLiborRateForArbitraryFixingDate,aqMathLiborRateForArbitraryFixingDate,2,
meMathLiborRateInArrears,aqMathLiborRateInArrears,2,
meMathLiborRateWithArbitraryFixingDate,aqMathLiborRateWithArbitraryFixingDate,2,
meMathNormalDistribution,aqMathNormalDistribution,2,
meMathNormalDistributionInverse,aqMathNormalDistributionInverse,2,
meMathNormalDistributionPDF,aqMathNormalDistributionPDF,2,
meMathNormalDistributionStandard,aqMathNormalDistributionStandard,2,
meMathNormalDistributionStandardInverse,aqMathNormalDistributionStandardInverse,2,
meMathNormalDistributionStandardPDF,aqMathNormalDistributionStandardPDF,2,
meProductAssetSwapSpreadLVBKeys,aqAssetSwapSpreadLVBKeys,2,
meProductFuturePriceToFraRate,aqRatesFuturePriceToFraRate,2,
meProductFuturePriceToFraRateFromConvAdj,aqRatesFuturePriceToFraRateFromConvAdj,2,
meProductOISPVLVBKeys,aqOISPVLVBKeys,2,
meProductOISParRateLVBKeys,aqOISParRateLVBKeys,2,
meProductSwapDV01LVBKeys,aqSwapDV01LVBKeys,2,
meProductSwapLegAnnuity,aqSwapLegAnnuity,2,
meProductSwapLegDisplay,aqSwapLegDisplay,2,
meProductSwapLegPV,aqSwapLegPV,2,
meProductSwapPV01LVBKeys,aqSwapPV01LVBKeys,2,
meProductSwapParRateLVBKeys,aqSwapParRateLVBKeys,2,
meProductSwapScheduleLVBKeys,aqSwapScheduleLVBKeys,2,
meProductSwapStubFixingDate,aqSwapStubFixingDate,2,
meProductSwapStubRateLVBKeys,aqSwapStubRateLVBKeys,2,
meSABRCalibrate,aqVolsSABRCalibrate,2,
meSABROutputParameter,aqVolsSABROutputParameter,2,
meSABRSetupConvention,aqVolsSABRSetupConvention,2,
meSABRSetupParameter,aqVolsSABRSetupParameter,2,
meSABRSetupSwaptionVol,aqVolsSABRSetupSwaptionVol,2,
meUtilityBondAverageYield,aqToolsBondAverageYield,2,
meUtilityBondYieldFromFuturePrice,aqToolsBondYieldFromFuturePrice,2,
meUtilityLVBFromKeysAndMultipleValues,aqToolsLVBFromKeysAndMultipleValues,2,
meUtilityLVBFromKeysValues,aqToolsLVBFromKeysValues,2,
meUtilityLVBFromMultipleKeysValues,aqToolsLVBFromMultipleKeysValues,2,
meUtilityLVBGroup,aqToolsLVBGroup,2,
meUtilityParallelModeEnable,aqToolsParallelModeEnable,2,
meUtilityParallelModeStatus,aqToolsParallelModeStatus,2,
meUtilitySwapScheduleTemplate,aqToolsSwapScheduleTemplate,2,
tryMeBondYield,tryAqBondsYield,2,
tryMeCurveDiscountFactorsDisplay_outputs,tryAqCurvesDiscountFactorsDisplay_outputs,2,
tryMeCurveDiscountFactorsForwardStartingFromYearFractions_outputs_,tryAqCurvesDiscountFactorsForwardStartingFromYearFractions_outputs_,2,
tryMeCurveForwardRatesFromForwardDatesFromObject,tryAqCurvesForwardRatesFromForwardDatesFromObject,2,
tryMeCurveForwardRatesFromForwardDates_inputs,tryAqCurvesForwardRatesFromForwardDates_inputs,2,
tryMeCurveForwardRatesFromForwardDates_outputs,tryAqCurvesForwardRatesFromForwardDates_outputs,2,
tryMeCurveForwardRatesFromForwardRates,tryAqCurvesForwardRatesFromForwardRates,2,
tryMeCurveGroupCollectionName,tryAqCurvesGroupCollectionName,2,
tryMeCurveHullWhiteForwardRates,tryAqCurvesHullWhiteForwardRates,2,
tryMeCurveResultsEnable,tryAqCurvesResultsEnable,2,
tryMeCurveResultsIsEnabled,tryAqCurvesResultsIsEnabled,2,
tryMeCurveResultsJacobianDisplay,tryAqCurvesResultsJacobianDisplay,2,
tryMeCurveResultsJacobianImplyNewDiscountFactors,tryAqCurvesResultsJacobianImplyNewDiscountFactors,2,
tryMeCurveResultsJacobianRiskTotals,tryAqCurvesResultsJacobianRiskTotals,2,
tryMeCurveResultsJacobianUpdate,tryAqCurvesResultsJacobianUpdate,2,
tryMeCurveVasicekChecking,tryAqCurvesVasicekChecking,2,
tryMeCurveVasicekForwardRates,tryAqCurvesVasicekForwardRates,2,
tryMeCurveZeroRate,tryAqCurvesZeroRate,2,
tryMeDateFuturesContract,tryAqDatesFuturesContract,2,
tryMeDateIMM,tryAqDatesIMM,2,
tryMeDateToday,tryAqDatesToday,2,
tryMeFuturesTickerNext,tryAqFuturesTickerNext,2,FLAG
tryMeFuturesTickerNth,tryAqFuturesTickerNth,2,FLAG
tryMeFuturesTickerPrevious,tryAqFuturesTickerPrevious,2,FLAG
tryMeMathBlackScholesDeltaForward,tryAqMathBlackScholesDeltaForward,2,
tryMeMathBlackScholesDeltaSpot,tryAqMathBlackScholesDeltaSpot,2,
tryMeMathBlackScholesForwardDelta,tryAqMathBlackScholesForwardDelta,2,
tryMeMathBlackScholesSpotDelta,tryAqMathBlackScholesSpotDelta,2,
tryMeMathCapletFloorletPrice,tryAqMathCapletFloorletPrice,2,
tryMeMathCapletFloorletPrices,tryAqMathCapletFloorletPrices,2,
tryMeMathEuropeanIRSwaptionDelta,tryAqMathEuropeanIRSwaptionDelta,2,
tryMeMathEuropeanIRSwaptionGamma,tryAqMathEuropeanIRSwaptionGamma,2,
tryMeMathEuropeanIRSwaptionPrices,tryAqMathEuropeanIRSwaptionPrices,2,
tryMeMathEuropeanIRSwaptionTheta,tryAqMathEuropeanIRSwaptionTheta,2,
tryMeMathEuropeanIRSwaptionVega,tryAqMathEuropeanIRSwaptionVega,2,
tryMeMathLiborConvexityAdjustmentForArbitraryFixingDate,tryAqMathLiborConvexityAdjustmentForArbitraryFixingDate,2,
tryMeMathLiborConvexityAdjustmentInArrears,tryAqMathLiborConvexityAdjustmentInArrears,2,
tryMeMathLiborRateForArbitraryFixingDate,tryAqMathLiborRateForArbitraryFixingDate,2,
tryMeMathLiborRateInArrears,tryAqMathLiborRateInArrears,2,
tryMeMathNormalDistributionInverse,tryAqMathNormalDistributionInverse,2,
tryMeMathNormalDistributionPDF,tryAqMathNormalDistributionPDF,2,
tryMeMathNormalDistributionStandard,tryAqMathNormalDistributionStandard,2,
tryMeMathNormalDistributionStandardInverse,tryAqMathNormalDistributionStandardInverse,2,
tryMeMathNormalDistributionStandardPDF,tryAqMathNormalDistributionStandardPDF,2,
tryMeMathPolynomialInterpolation,tryAqMathPolynomialInterpolation,2,
tryMeMathPolynomialInterpolations,tryAqMathPolynomialInterpolations,2,
tryMeMathPoynomialIntegration,tryAqMathPoynomialIntegration,2,
tryMeMathPoynomialIntegrations,tryAqMathPoynomialIntegrations,2,
tryMeMathVolatilityToLognormalFromNormal,tryAqMathVolatilityToLognormalFromNormal,2,
tryMeMathVolatilityToLognormalFromShiftedLognormal,tryAqMathVolatilityToLognormalFromShiftedLognormal,2,
tryMeMathVolatilityToNormalFromLognormal,tryAqMathVolatilityToNormalFromLognormal,2,
tryMeMathVolatilityToNormalFromShiftedLognormal,tryAqMathVolatilityToNormalFromShiftedLognormal,2,
tryMeMathVolatilityToShiftedLognormalFromLognormal,tryAqMathVolatilityToShiftedLognormalFromLognormal,2,
tryMeMathVolatilityToShiftedLognormalFromNormal,tryAqMathVolatilityToShiftedLognormalFromNormal,2,
tryMeProductFuturePriceToFraRate,tryAqRatesFuturePriceToFraRate,2,
tryMeProductFuturePriceToFraRateFromConvAdj,tryAqRatesFuturePriceToFraRateFromConvAdj,2,
tryMeProductSwapLegDisplay,tryAqSwapLegDisplay,2,
tryMeProductSwapStubFixingDate,tryAqSwapStubFixingDate,2,
tryMeSwapDelta_outputs,tryAqSwapsDelta_outputs,2,
tryMeSwapDelta_outputs_64bit,tryAqSwapsDelta_outputs_64bit,2,
tryMeSwapResultsDelete,tryAqSwapsResultsDelete,2,
tryMeSwapResultsDeleteAll,tryAqSwapsResultsDeleteAll,2,
tryMeSwapResultsDiscountRiskUpdate,tryAqSwapsResultsDiscountRiskUpdate,2,
tryMeSwapResultsDisplay,tryAqSwapsResultsDisplay,2,
tryMeSwapResultsEnable,tryAqSwapsResultsEnable,2,
tryMeSwapResultsForwardRiskUpdate,tryAqSwapsResultsForwardRiskUpdate,2,
tryMeSwapResultsIsEnabled,tryAqSwapsResultsIsEnabled,2,
tryMeSwapResultsRiskTotals,tryAqSwapsResultsRiskTotals,2,
tryMeSwapResultsRiskUpdate,tryAqSwapsResultsRiskUpdate,2,
tryMeUtilityBondAverageYield,tryAqToolsBondAverageYield,2,
tryMeUtilityBondYieldFromFuturePrice,tryAqToolsBondYieldFromFuturePrice,2,
tryMeUtilityLVBFromKeysAndMultipleValues,tryAqToolsLVBFromKeysAndMultipleValues,2,
tryMeUtilityLVBFromKeysValues_inputs,tryAqToolsLVBFromKeysValues_inputs,2,
tryMeUtilityLVBFromKeysValues_outputs,tryAqToolsLVBFromKeysValues_outputs,2,
tryMeUtilityLVBFromMultipleKeysValues,tryAqToolsLVBFromMultipleKeysValues,2,
tryMeUtilitySwapScheduleTemplate,tryAqToolsSwapScheduleTemplate,2,
tryMeUtilityValuationSettingsDisplay,tryAqToolsValuationSettingsDisplay,2,
TestMeDateECB,TestAqDatesECB,1,
TestMeDateYearFraction,TestAqDatesYearFraction,1,
TestMeMathConvexity,TestAqMathConvexity,1,
TryMeCurveCTD,TryAqCurvesCTD,1,
apiTryMeUtilityLVB,apiTryAqToolsLVB,1,
meBondCreate,aqBondsCreate,1,
meConvexityAdjustment,aqRatesConvexityAdjustment,1,
meCurveDiscountFactorsFromYearFractions_outputs_2,aqCurvesDiscountFactorsFromYearFractions_outputs_2,1,
meCurveDisplay_outputs_2,aqCurvesDisplay_outputs_2,1,
meCurveEuroDollarConvexityAdjustment,aqCurvesEuroDollarConvexityAdjustment,1,
meMathConvexity,aqMathConvexity,1,
meProductOISSwapPV,aqOISSwapPV,1,
meProductOISSwapParRate,aqOISSwapParRate,1,
meTryForwardRatesFromYearFraction_outputs_2,tryAqForwardRatesFromYearFraction_outputs_2,1,OVERRIDE
meUtilityRemoveCurve,aqToolsRemoveCurve,1,
tryMeBondCurveCreate_inputs,tryAqBondsCurveCreate_inputs,1,
tryMeBondCurveCreate_outputs,tryAqBondsCurveCreate_outputs,1,
tryMeBondCurveDisplay_inputs,tryAqBondsCurveDisplay_inputs,1,
tryMeBondCurveDisplay_outputs,tryAqBondsCurveDisplay_outputs,1,
tryMeBondCurveNelsonSiegelCalibrate_inputs,tryAqBondsCurveNelsonSiegelCalibrate_inputs,1,
tryMeBondCurveNelsonSiegelCalibrate_outputs_32bit,tryAqBondsCurveNelsonSiegelCalibrate_outputs_32bit,1,
tryMeBondCurveNelsonSiegelCalibrate_outputs_64bit,tryAqBondsCurveNelsonSiegelCalibrate_outputs_64bit,1,
tryMeBondCurveNelsonSiegelYield_inputs,tryAqBondsCurveNelsonSiegelYield_inputs,1,
tryMeBondCurveNelsonSiegelYield_outputs,tryAqBondsCurveNelsonSiegelYield_outputs,1,
tryMeBondCurvePolynomialCalibrate_inputs,tryAqBondsCurvePolynomialCalibrate_inputs,1,
tryMeBondCurvePolynomialCalibrate_outputs_32bit,tryAqBondsCurvePolynomialCalibrate_outputs_32bit,1,
tryMeBondCurvePolynomialCalibrate_outputs_64bit,tryAqBondsCurvePolynomialCalibrate_outputs_64bit,1,
tryMeBondCurvePolynomialYield_inputs,tryAqBondsCurvePolynomialYield_inputs,1,
tryMeBondCurvePolynomialYield_outputs,tryAqBondsCurvePolynomialYield_outputs,1,
tryMeBondCurveSvenssonCalibrate_inputs,tryAqBondsCurveSvenssonCalibrate_inputs,1,
tryMeBondCurveSvenssonCalibrate_outputs_32bit,tryAqBondsCurveSvenssonCalibrate_outputs_32bit,1,
tryMeBondCurveSvenssonCalibrate_outputs_64bit,tryAqBondsCurveSvenssonCalibrate_outputs_64bit,1,
tryMeBondCurveSvenssonYield_inputs,tryAqBondsCurveSvenssonYield_inputs,1,
tryMeBondCurveSvenssonYield_outputs,tryAqBondsCurveSvenssonYield_outputs,1,
tryMeCalibrateSABRMatrix,tryAqVolsCalibrateSABRMatrix,1,OVERRIDE
tryMeCurveCalibrateBasis_inputs,tryAqCurvesCalibrateBasis_inputs,1,
tryMeCurveCalibrateBasis_outputs,tryAqCurvesCalibrateBasis_outputs,1,
tryMeCurveCalibrateCTD_inputs,tryAqCurvesCalibrateCTD_inputs,1,
tryMeCurveCalibrateCTD_outputs,tryAqCurvesCalibrateCTD_outputs,1,
tryMeCurveCalibrateFXForwards_inputs,tryAqCurvesCalibrateFXForwards_inputs,1,
tryMeCurveCalibrateFXForwards_outputs,tryAqCurvesCalibrateFXForwards_outputs,1,
tryMeCurveCalibrateOIS_inputs,tryAqCurvesCalibrateOIS_inputs,1,
tryMeCurveCalibrateOIS_outputs,tryAqCurvesCalibrateOIS_outputs,1,
tryMeCurveCalibrateSwap_inputs,tryAqCurvesCalibrateSwap_inputs,1,
tryMeCurveCalibrateSwap_outputs,tryAqCurvesCalibrateSwap_outputs,1,
tryMeCurveCompoundRateWithFixingTable_inputs,tryAqCurvesCompoundRateWithFixingTable_inputs,1,
tryMeCurveCompoundRateWithFixingTable_outputs,tryAqCurvesCompoundRateWithFixingTable_outputs,1,
tryMeCurveCompoundRate_inputs,tryAqCurvesCompoundRate_inputs,1,
tryMeCurveCompoundRate_outputs,tryAqCurvesCompoundRate_outputs,1,
tryMeCurveDiscountFactorsDisplay_inputs,tryAqCurvesDiscountFactorsDisplay_inputs,1,
tryMeCurveDiscountFactorsForwardStartingFromTenor_inputs,tryAqCurvesDiscountFactorsForwardStartingFromTenor_inputs,1,
tryMeCurveDiscountFactorsForwardStartingFromTenor_outputs,tryAqCurvesDiscountFactorsForwardStartingFromTenor_outputs,1,
tryMeCurveDiscountFactorsForwardStartingFromYearFractions_inputs,tryAqCurvesDiscountFactorsForwardStartingFromYearFractions_inputs,1,
tryMeCurveDiscountFactorsForwardStartingFromYearFractions_outputs,tryAqCurvesDiscountFactorsForwardStartingFromYearFractions_outputs,1,
tryMeCurveDiscountFactorsForwardStarting_inputs,tryAqCurvesDiscountFactorsForwardStarting_inputs,1,
tryMeCurveDiscountFactorsForwardStarting_outputs,tryAqCurvesDiscountFactorsForwardStarting_outputs,1,
tryMeCurveDiscountFactorsFromTenors_inputs,tryAqCurvesDiscountFactorsFromTenors_inputs,1,
tryMeCurveDiscountFactorsFromTenors_outputs,tryAqCurvesDiscountFactorsFromTenors_outputs,1,
tryMeCurveDiscountFactorsFromYearFractions_inputs,tryAqCurvesDiscountFactorsFromYearFractions_inputs,1,
tryMeCurveDiscountFactorsFromYearFractions_outputs,tryAqCurvesDiscountFactorsFromYearFractions_outputs,1,
tryMeCurveDiscountFactors_inputs,tryAqCurvesDiscountFactors_inputs,1,
tryMeCurveDiscountFactors_outputs,tryAqCurvesDiscountFactors_outputs,1,
tryMeCurveDisplay_inputs,tryAqCurvesDisplay_inputs,1,
tryMeCurveDisplay_outputs,tryAqCurvesDisplay_outputs,1,
tryMeCurveDualBootstrap_inputs,tryAqCurvesDualBootstrap_inputs,1,
tryMeCurveDualBootstrap_outputs,tryAqCurvesDualBootstrap_outputs,1,
tryMeCurveForwardRatesFromYearFraction_inputs,tryAqCurvesForwardRatesFromYearFraction_inputs,1,
tryMeCurveForwardRatesFromYearFraction_outputs,tryAqCurvesForwardRatesFromYearFraction_outputs,1,
tryMeCurveForwardRates_inputs,tryAqCurvesForwardRates_inputs,1,
tryMeCurveForwardRates_outputs,tryAqCurvesForwardRates_outputs,1,
tryMeCurveFrequency_inputs,tryAqCurvesFrequency_inputs,1,
tryMeCurveFrequency_outputs,tryAqCurvesFrequency_outputs,1,
tryMeCurveHullWhite,tryAqCurvesHullWhite,1,
tryMeCurveResultsJacobianDiscountFactorDelta_USD3ML_inputs,tryAqCurvesResultsJacobianDiscountFactorDelta_USD3ML_inputs,1,
tryMeCurveResultsJacobianDiscountFactorDelta_USD3ML_outputs_X64,tryAqCurvesResultsJacobianDiscountFactorDelta_USD3ML_outputs_X64,1,
tryMeCurveResultsJacobianDiscountFactorDelta_USD3ML_outputs_X86,tryAqCurvesResultsJacobianDiscountFactorDelta_USD3ML_outputs_X86,1,
tryMeCurveResultsJacobianDiscountFactorDelta_USD6ML_inputs,tryAqCurvesResultsJacobianDiscountFactorDelta_USD6ML_inputs,1,
tryMeCurveResultsJacobianDiscountFactorDelta_USD6ML_outputs_X64,tryAqCurvesResultsJacobianDiscountFactorDelta_USD6ML_outputs_X64,1,
tryMeCurveResultsJacobianDiscountFactorDelta_USD6ML_outputs_X86,tryAqCurvesResultsJacobianDiscountFactorDelta_USD6ML_outputs_X86,1,
tryMeCurveResultsJacobianDiscountFactorDelta_USDOIS_inputs,tryAqCurvesResultsJacobianDiscountFactorDelta_USDOIS_inputs,1,
tryMeCurveResultsJacobianDiscountFactorDelta_USDOIS_outputs_X64,tryAqCurvesResultsJacobianDiscountFactorDelta_USDOIS_outputs_X64,1,
tryMeCurveResultsJacobianDiscountFactorDelta_USDOIS_outputs_X86,tryAqCurvesResultsJacobianDiscountFactorDelta_USDOIS_outputs_X86,1,
tryMeCurveVasicek,tryAqCurvesVasicek,1,
tryMeCurveZeroRatesFromTenors_inputs,tryAqCurvesZeroRatesFromTenors_inputs,1,
tryMeCurveZeroRatesFromTenors_outputs,tryAqCurvesZeroRatesFromTenors_outputs,1,
tryMeCurveZeroRatesFromYearFractions_inputs,tryAqCurvesZeroRatesFromYearFractions_inputs,1,
tryMeCurveZeroRatesFromYearFractions_outputs,tryAqCurvesZeroRatesFromYearFractions_outputs,1,
tryMeDateBusinessDays_inputs,tryAqDatesBusinessDays_inputs,1,
tryMeDateBusinessDays_outputs,tryAqDatesBusinessDays_outputs,1,
tryMeDateCentralBank_inputs,tryAqDatesCentralBank_inputs,1,
tryMeDateCentralBank_outputs,tryAqDatesCentralBank_outputs,1,
tryMeDateECBSwapEnd_inputs,tryAqDatesECBSwapEnd_inputs,1,
tryMeDateECBSwapEnd_outputs,tryAqDatesECBSwapEnd_outputs,1,
tryMeDateECBSwapStart_inputs,tryAqDatesECBSwapStart_inputs,1,
tryMeDateECBSwapStart_outputs,tryAqDatesECBSwapStart_outputs,1,
tryMeDateECB_inputs,tryAqDatesECB_inputs,1,
tryMeDateECB_outputs,tryAqDatesECB_outputs,1,
tryMeDateFromTenor_inputs,tryAqDatesFromTenor_inputs,1,
tryMeDateFromTenor_outputs,tryAqDatesFromTenor_outputs,1,
tryMeDateFromYearFraction_inputs,tryAqDatesFromYearFraction_inputs,1,
tryMeDateFromYearFraction_outputs,tryAqDatesFromYearFraction_outputs,1,
tryMeDateFutureStart,tryAqDatesFutureStart,1,
tryMeDateFuturesContract_inputs,tryAqDatesFuturesContract_inputs,1,
tryMeDateFuturesContract_outputs,tryAqDatesFuturesContract_outputs,1,
tryMeDateIMMFromMonth_inputs,tryAqDatesIMMFromMonth_inputs,1,
tryMeDateIMMFromMonth_outputs,tryAqDatesIMMFromMonth_outputs,1,
tryMeDateIsHoliday_inputs,tryAqDatesIsHoliday_inputs,1,
tryMeDateIsHoliday_outputs,tryAqDatesIsHoliday_outputs,1,
tryMeDateIsWeekday_inputs,tryAqDatesIsWeekday_inputs,1,
tryMeDateIsWeekday_outputs,tryAqDatesIsWeekday_outputs,1,
tryMeDateIsWeekend_inputs,tryAqDatesIsWeekend_inputs,1,
tryMeDateIsWeekend_outputs,tryAqDatesIsWeekend_outputs,1,
tryMeDateIsWorkingDay_inputs,tryAqDatesIsWorkingDay_inputs,1,
tryMeDateIsWorkingDay_outputs,tryAqDatesIsWorkingDay_outputs,1,
tryMeDateNthIMMFromStartDate_inputs,tryAqDatesNthIMMFromStartDate_inputs,1,
tryMeDateNthIMMFromStartDate_outputs,tryAqDatesNthIMMFromStartDate_outputs,1,
tryMeDateNthIMM_inputs,tryAqDatesNthIMM_inputs,1,
tryMeDateNthIMM_outputs,tryAqDatesNthIMM_outputs,1,
tryMeDateYearFraction_inputs,tryAqDatesYearFraction_inputs,1,
tryMeDateYearFraction_outputs,tryAqDatesYearFraction_outputs,1,
tryMeMathCapletFloorlet,tryAqMathCapletFloorlet,1,
tryMeMathPolynomial,tryAqMathPolynomial,1,
tryMeOutPutSABRGrid_outputs,tryAqVolsSABRGrid_outputs,1,OVERRIDE
tryMeProductAssetSwapSpread_inputs,tryAqAssetSwapSpread_inputs,1,
tryMeProductAssetSwapSpread_outputs,tryAqAssetSwapSpread_outputs,1,
tryMeProductOISPV_inputs,tryAqOISPV_inputs,1,
tryMeProductOISPV_outputs,tryAqOISPV_outputs,1,
tryMeProductOISParRate_inputs,tryAqOISParRate_inputs,1,
tryMeProductOISParRate_outputs,tryAqOISParRate_outputs,1,
tryMeProductSwapDV01_inputs,tryAqSwapDV01_inputs,1,
tryMeProductSwapDV01_outputs,tryAqSwapDV01_outputs,1,
tryMeProductSwapDelta_inputs,tryAqSwapDelta_inputs,1,
tryMeProductSwapDelta_outputs,tryAqSwapDelta_outputs,1,
tryMeProductSwapLeg,tryAqSwapLeg,1,
tryMeProductSwapLegAnnuity_inputs,tryAqSwapLegAnnuity_inputs,1,
tryMeProductSwapLegAnnuity_outputs,tryAqSwapLegAnnuity_outputs,1,
tryMeProductSwapLegPV_inputs,tryAqSwapLegPV_inputs,1,
tryMeProductSwapLegPV_outputs,tryAqSwapLegPV_outputs,1,
tryMeProductSwapPV01_inputs,tryAqSwapPV01_inputs,1,
tryMeProductSwapPV01_outputs,tryAqSwapPV01_outputs,1,
tryMeProductSwapPV_inputs,tryAqSwapPV_inputs,1,
tryMeProductSwapPV_outputs,tryAqSwapPV_outputs,1,
tryMeProductSwapParRate_inputs,tryAqSwapParRate_inputs,1,
tryMeProductSwapParRate_outputs,tryAqSwapParRate_outputs,1,
tryMeProductSwapStubRate_inputs,tryAqSwapStubRate_inputs,1,
tryMeProductSwapStubRate_outputs,tryAqSwapStubRate_outputs,1,
tryMeSwapDelta_inputs,tryAqSwapsDelta_inputs,1,
tryMeUtilityDate,tryAqToolsDate,1,
tryMeUtilityInterpolation_inputs,tryAqToolsInterpolation_inputs,1,
tryMeUtilityInterpolation_outputs,tryAqToolsInterpolation_outputs,1,
tryMeUtilityLVBGroup_inputs,tryAqToolsLVBGroup_inputs,1,
tryMeUtilityLVBGroup_outputs,tryAqToolsLVBGroup_outputs,1,
tryMeUtilityLVB_inputs,tryAqToolsLVB_inputs,1,
tryMeUtilityLVB_outputs,tryAqToolsLVB_outputs,1,
tryMeUtilityPCA_inputs,tryAqToolsPCA_inputs,1,
tryMeUtilityPCA_outputs,tryAqToolsPCA_outputs,1,
tryMeUtilityValuationSettings,tryAqToolsValuationSettings,1,
TestMeCurveOisAUD,TestAqCurvesOisAUD,0,
TestMeUtilitityLVB,TestAqToolsLVB,0,OVERRIDE
tryMeProductFutureFra,tryAqRatesFutureFra,0,
