old,new,refs,disposition
LAMathYieldCurve,AQLMathYieldCurve,480,RENAME
LAMathDateCalculations,AQLMathDateCalculations,412,RENAME
LABlackScholesBase,AQLBlackScholesBase,362,RENAME
LARatesPathElementCurve,AQLRatesPathElementCurve,339,RENAME
LAMathYieldCurvePro,AQLMathYieldCurvePro,240,RENAME
LAMathPathEntity,AQLMathPathEntity,219,RENAME
LAMathFXVolatilitySurfaceGenerate,AQLMathFXVolatilitySurfaceGenerate,219,RENAME
LAMathIndexEntity,AQLMathIndexEntity,203,RENAME
LAMathDateUtilities,AQLMathDateUtilities,179,RENAME
LAMathFXEntity,AQLMathFXEntity,179,RENAME
LARatesPathElementBase,AQLRatesPathElementBase,161,RENAME
LAPricePayOff,AQLPricePayOff,152,RENAME
LAMathAttrSDE,AQLMathAttrSDE,147,RENAME
LAMathPlainVanillaEntity,AQLMathPlainVanillaEntity,147,RENAME
LAMathCurveFuncUtility,AQLMathCurveFuncUtility,141,RENAME
LARatesNumeraireBase,AQLRatesNumeraireBase,128,RENAME
LAMathInterpolationUtilities,AQLMathInterpolationUtilities,128,RENAME
LAMathPathYieldCurve,AQLMathPathYieldCurve,121,RENAME
LARatesSDEBase,AQLRatesSDEBase,114,RENAME
LAPricePayOffTool,AQLPricePayOffTool,111,RENAME
LAModelUtilities,AQLModelUtilities,110,RENAME
LAPriceCFGenUtility,AQLPriceCFGenUtility,104,RENAME
LARatesBM,AQLRatesBM,92,RENAME
LAMathSABR,AQLMathSABR,92,RENAME
LALinearRatesOptionValue,AQLLinearRatesOptionValue,88,RENAME
LALinearRatesOptionValueDataProvider,AQLLinearRatesOptionValueDataProvider,86,RENAME
LAMathHWFuncMR,AQLMathHWFuncMR,85,RENAME
LAMathCorrelation,AQLMathCorrelation,83,RENAME
LAPriceCashFlowGenerator,AQLPriceCashFlowGenerator,81,RENAME
LABlackScholesBaseMethod,AQLBlackScholesBaseMethod,77,RENAME
LAMathSwaptionVolLMMDiscModel,AQLMathSwaptionVolLMMDiscModel,76,RENAME
LAMathHWFuncSigma,AQLMathHWFuncSigma,75,RENAME
LAMathCapFloor,AQLMathCapFloor,74,RENAME
LAMathSwaptionVolUtility,AQLMathSwaptionVolUtility,73,RENAME
LARatesSDEIntegralBase,AQLRatesSDEIntegralBase,73,RENAME
LAMathVolFuncBase,AQLMathVolFuncBase,72,RENAME
LAMathIRVanillaFuncUtility,AQLMathIRVanillaFuncUtility,72,RENAME
LARatesPathElementLMMCurve,AQLRatesPathElementLMMCurve,71,RENAME
LAQuantLibEndCriteria,AQLQuantLibEndCriteria,70,RENAME
LAPriceYieldGenerator,AQLPriceYieldGenerator,70,RENAME
LAPriceTradeValue,AQLPriceTradeValue,69,RENAME
LAPriceDriftHW,AQLPriceDriftHW,69,RENAME
LAMathVolatility,AQLMathVolatility,67,RENAME
LAPriceIndexToolBase,AQLPriceIndexToolBase,66,RENAME
LAPriceArbFreeGenerator,AQLPriceArbFreeGenerator,66,RENAME
LAMathDriftFuncBase,AQLMathDriftFuncBase,66,RENAME
LAMathSABR_Hagan,AQLMathSABR_Hagan,66,RENAME
LAPriceEventHolder,AQLPriceEventHolder,65,RENAME
LAMathAntonovFXOption,AQLMathAntonovFXOption,65,RENAME
LAPriceCMSObject,AQLPriceCMSObject,65,RENAME
LACoreUtility,AQLCoreUtility,65,RENAME
LAQuantLibArray,AQLQuantLibArray,64,RENAME
LAMathSwaptionMatrix,AQLMathSwaptionMatrix,61,RENAME
LAQuantLibOptimizationMethod,AQLQuantLibOptimizationMethod,60,RENAME
LARatesSpotSDE,AQLRatesSpotSDE,60,RENAME
LACompoundMethod,AQLCompoundMethod,59,RENAME
LAMathCorrelationLMMDisc,AQLMathCorrelationLMMDisc,59,RENAME
LAQuantLibProblem,AQLQuantLibProblem,59,RENAME
LAMathLeastSquareSwaptionVolDiscModelQlib,AQLMathLeastSquareSwaptionVolDiscModelQlib,59,RENAME
LAMathVolFuncFXDD,AQLMathVolFuncFXDD,58,RENAME
LAMathDisplacedHestonTDP,AQLMathDisplacedHestonTDP,58,RENAME
LAMathCapFloorVolLMMDiscModel,AQLMathCapFloorVolLMMDiscModel,55,RENAME
LAMathCorrelationFuncLMM,AQLMathCorrelationFuncLMM,55,RENAME
LAMathLeastSquareBlackDDQlib,AQLMathLeastSquareBlackDDQlib,54,RENAME
LAMathHybridHWLVProcessHelper,AQLMathHybridHWLVProcessHelper,54,RENAME
LAPriceFXOptionValue,AQLPriceFXOptionValue,53,RENAME
LABlackScholesCapletOption,AQLBlackScholesCapletOption,53,RENAME
LAMathVolFuncIRSABR,AQLMathVolFuncIRSABR,53,RENAME
LAPriceDriftLMMBase,AQLPriceDriftLMMBase,53,RENAME
LAPriceEventBase,AQLPriceEventBase,53,RENAME
LAPriceAccruedInterest,AQLPriceAccruedInterest,52,RENAME
LAMathLeastSquareSABRCostFunc,AQLMathLeastSquareSABRCostFunc,52,RENAME
LARatesPEInterpolationBase,AQLRatesPEInterpolationBase,52,RENAME
LAMathAntonovFXOptionDataProvider,AQLMathAntonovFXOptionDataProvider,52,RENAME
LAPolynomialBase,AQLPolynomialBase,52,RENAME
LAMathCorrelationLMM,AQLMathCorrelationLMM,51,RENAME
LALinearRatesSwapTradeValue,AQLLinearRatesSwapTradeValue,50,RENAME
LARatesPathElementHW1FCurveTMDPT,AQLRatesPathElementHW1FCurveTMDPT,48,RENAME
LAPriceQuantAdjustmentHWFXDD,AQLPriceQuantAdjustmentHWFXDD,48,RENAME
LAPriceIndexTool,AQLPriceIndexTool,48,RENAME
LAPriceDriftFX,AQLPriceDriftFX,48,RENAME
LARatesPathElementHW1FCurve,AQLRatesPathElementHW1FCurve,47,RENAME
LAModelDynamicsCurve,AQLModelDynamicsCurve,47,RENAME
LAMathHWFuncTool,AQLMathHWFuncTool,46,RENAME
LAPricePayOffToolHolder,AQLPricePayOffToolHolder,46,RENAME
LAMathParameterObject,AQLMathParameterObject,45,RENAME
LAMathSwaptionVolLMM,AQLMathSwaptionVolLMM,45,RENAME
LAMathVolFuncFX,AQLMathVolFuncFX,45,RENAME
LAPriceCouponTool,AQLPriceCouponTool,44,RENAME
LAMathLeastSquareCapFloorVolDiscModelQlib,AQLMathLeastSquareCapFloorVolDiscModelQlib,44,RENAME
LAPriceIROptionValueDataProvider,AQLPriceIROptionValueDataProvider,44,RENAME
LAMathJumpDiffusion,AQLMathJumpDiffusion,44,RENAME
LAMathLeastSquareSABRCostFuncQlib,AQLMathLeastSquareSABRCostFuncQlib,44,RENAME
LAPriceDriftQuantAdjustment,AQLPriceDriftQuantAdjustment,43,RENAME
LAPricePortfolioValue,AQLPricePortfolioValue,43,RENAME
LAMathIntegralMulti,AQLMathIntegralMulti,43,RENAME
LARatesHWIntegral,AQLRatesHWIntegral,43,RENAME
LARatesNumeraireBankAccountHW,AQLRatesNumeraireBankAccountHW,43,RENAME
LALinearRatesVolatility,AQLLinearRatesVolatility,43,RENAME
LAMathTarget2fit2,AQLMathTarget2fit2,43,RENAME
LARatesCurveLogLinearInterpolation,AQLRatesCurveLogLinearInterpolation,43,RENAME
LAMathVolFuncFXStrangleSolver,AQLMathVolFuncFXStrangleSolver,43,RENAME
LAPriceFXOptionValueDataProvider,AQLPriceFXOptionValueDataProvider,43,RENAME
LARatesPathElementSMMCurve,AQLRatesPathElementSMMCurve,42,RENAME
LAAnalyticFormula,AQLAnalyticFormula,41,RENAME
LAMathVolatilityLMMDiscModel,AQLMathVolatilityLMMDiscModel,41,RENAME
LAMathLeastSquareSwaptionVol,AQLMathLeastSquareSwaptionVol,41,RENAME
LAPriceEventExtraCF,AQLPriceEventExtraCF,41,RENAME
LAMathVolFuncHW,AQLMathVolFuncHW,41,RENAME
LAPriceDriftHWQuantAdjustment,AQLPriceDriftHWQuantAdjustment,41,RENAME
LAMathLeastSquareSwaptionVolQlib,AQLMathLeastSquareSwaptionVolQlib,40,RENAME
LAMathHybridHWDDProcessHelper,AQLMathHybridHWDDProcessHelper,40,RENAME
LAPriceTradeValueDataProvider,AQLPriceTradeValueDataProvider,39,RENAME
LAMathSwaptionFormulaSZ,AQLMathSwaptionFormulaSZ,39,RENAME
LAQuantLibSimplex,AQLQuantLibSimplex,38,RENAME
LAMathVolFuncSZDD,AQLMathVolFuncSZDD,38,RENAME
LAMathHybridHWDDMPProcessHelper,AQLMathHybridHWDDMPProcessHelper,38,RENAME
LAMathLeastSquareHybridHWDDProcess1Qlib,AQLMathLeastSquareHybridHWDDProcess1Qlib,38,RENAME
LAMathLeastSquareSwaptionVolDiscModel,AQLMathLeastSquareSwaptionVolDiscModel,37,RENAME
LAMathLeastSquareHybridHWLVProcessQlib,AQLMathLeastSquareHybridHWLVProcessQlib,37,RENAME
LARatesPathElementScalar,AQLRatesPathElementScalar,37,RENAME
LAMathHWFuncToolForVar,AQLMathHWFuncToolForVar,37,RENAME
LAMathCorrelationLMMDiscAngle,AQLMathCorrelationLMMDiscAngle,37,RENAME
LALinearRatesVolatilityManager,AQLLinearRatesVolatilityManager,37,RENAME
LARatesPathElementHJMCurve,AQLRatesPathElementHJMCurve,37,RENAME
LAPriceCouponBase,AQLPriceCouponBase,37,RENAME
LAPriceIRSwaptionValue,AQLPriceIRSwaptionValue,37,RENAME
LARatesCurveLogLinearInterpolationDmy,AQLRatesCurveLogLinearInterpolationDmy,36,RENAME
LAQuantLibCostFunction,AQLQuantLibCostFunction,36,RENAME
LAMathVolFuncFXVannaVolga,AQLMathVolFuncFXVannaVolga,36,RENAME
LAMathSABR_Antonov,AQLMathSABR_Antonov,36,RENAME
LAPriceDriftSZDDVolFactor,AQLPriceDriftSZDDVolFactor,36,RENAME
LAQuantLibConstraint,AQLQuantLibConstraint,36,RENAME
LAMathAnalyticalFormula,AQLMathAnalyticalFormula,36,RENAME
LAMathLeastSquareCapFloor,AQLMathLeastSquareCapFloor,36,RENAME
LARatesCurveForLogLinearInterpolation,AQLRatesCurveForLogLinearInterpolation,35,RENAME
LARatesTermStructureSDE,AQLRatesTermStructureSDE,35,RENAME
LAMathLeastSquareHybridHWDDProcessQlib,AQLMathLeastSquareHybridHWDDProcessQlib,35,RENAME
LAPriceDriftSMMBase,AQLPriceDriftSMMBase,35,RENAME
LAPriceDriftHWQuantAdjustment3F,AQLPriceDriftHWQuantAdjustment3F,35,RENAME
LAEigenSystems,AQLEigenSystems,35,RENAME
LAQuantLibSteepestDescent,AQLQuantLibSteepestDescent,34,RENAME
LAMathJamshidianSwaption,AQLMathJamshidianSwaption,34,RENAME
LABlackScholesDigitalCapletOption,AQLBlackScholesDigitalCapletOption,34,RENAME
LARatesCurveHWInterpolation,AQLRatesCurveHWInterpolation,34,RENAME
LAPriceDriftLMMForward,AQLPriceDriftLMMForward,34,RENAME
LAPriceQuantAdjustmentFuncBase,AQLPriceQuantAdjustmentFuncBase,34,RENAME
LAQuantLibLevenbergMarquardt,AQLQuantLibLevenbergMarquardt,34,RENAME
LARatesCurveLinearInterpolation,AQLRatesCurveLinearInterpolation,34,RENAME
LAQuantLibConjugateGradient,AQLQuantLibConjugateGradient,34,RENAME
LAMathHWFuncToolForMR,AQLMathHWFuncToolForMR,34,RENAME
LAMathCurveGenerateFuncUtility,AQLMathCurveGenerateFuncUtility,34,RENAME
LAPriceDriftLMMSpot,AQLPriceDriftLMMSpot,34,RENAME
LALinearRatesModel,AQLLinearRatesModel,34,RENAME
LAPriceDriftHJM,AQLPriceDriftHJM,33,RENAME
LAPriceIRCapFloorOptionValue,AQLPriceIRCapFloorOptionValue,33,RENAME
LAPriceFXVolatility,AQLPriceFXVolatility,33,RENAME
LAMathHWFuncSigmaTMDPT,AQLMathHWFuncSigmaTMDPT,33,RENAME
LAMathLeastSquareCorrelationLMMQlib,AQLMathLeastSquareCorrelationLMMQlib,33,RENAME
LAPriceDriftLMMTerminal,AQLPriceDriftLMMTerminal,32,RENAME
LARatesBM_BB,AQLRatesBM_BB,32,RENAME
LARatesCurveStepLinearInterpolation,AQLRatesCurveStepLinearInterpolation,32,RENAME
LAMathLeastSquareCapFloorQlib,AQLMathLeastSquareCapFloorQlib,32,RENAME
LAPriceDriftFXLogNumeraire,AQLPriceDriftFXLogNumeraire,31,RENAME
LAMathCapFloorBlackVol,AQLMathCapFloorBlackVol,31,RENAME
LAMathFXVanillaFuncUtility,AQLMathFXVanillaFuncUtility,31,RENAME
LAMathLeastSquareCapFloorVolDiscModel,AQLMathLeastSquareCapFloorVolDiscModel,31,RENAME
LAMathLeastSquareBlackDD,AQLMathLeastSquareBlackDD,30,RENAME
LAMathLeastSquareSwaptionCapFloor,AQLMathLeastSquareSwaptionCapFloor,30,RENAME
LAPriceVolLMMDisplacedDiffusion,AQLPriceVolLMMDisplacedDiffusion,30,RENAME
LARatesSpotSDEQuantAdjustment,AQLRatesSpotSDEQuantAdjustment,30,RENAME
LARatesCovariance,AQLRatesCovariance,30,RENAME
LAPriceIndexToolCpn,AQLPriceIndexToolCpn,30,RENAME
LAPriceSZDDIntegralMelstein,AQLPriceSZDDIntegralMelstein,30,RENAME
LAMathHWFuncMRTMDPT,AQLMathHWFuncMRTMDPT,30,RENAME
LAPriceSwaptionCalculator,AQLPriceSwaptionCalculator,30,RENAME
LAMathLeastSquareBlackDDSkewQlib,AQLMathLeastSquareBlackDDSkewQlib,29,RENAME
LAPricePayOffToolRangeAccrue,AQLPricePayOffToolRangeAccrue,29,RENAME
LAMathFXUtility,AQLMathFXUtility,29,RENAME
LAPriceLSMCTradeValue,AQLPriceLSMCTradeValue,29,RENAME
LARatesHWIntegral3F,AQLRatesHWIntegral3F,29,RENAME
LARatesPathElementDDLMMCurve,AQLRatesPathElementDDLMMCurve,29,RENAME
LARatesNumeraireBankAccount,AQLRatesNumeraireBankAccount,29,RENAME
LAMathVolatilityLMMCont,AQLMathVolatilityLMMCont,28,RENAME
LAMathLeastSquareSwaptionCapFloorQlib,AQLMathLeastSquareSwaptionCapFloorQlib,28,RENAME
LAPolyFitBase,AQLPolyFitBase,28,RENAME
LAPriceConvergenceValue,AQLPriceConvergenceValue,28,RENAME
LAMathLeastSquareSABRConstraint_Antonov,AQLMathLeastSquareSABRConstraint_Antonov,27,RENAME
LAMathDisplacedHeston,AQLMathDisplacedHeston,27,RENAME
LAPriceCMSSpreadUtility,AQLPriceCMSSpreadUtility,27,RENAME
LAPriceFXDisplacedDiffusionCalibration,AQLPriceFXDisplacedDiffusionCalibration,27,RENAME
LARatesLJTermStructureSDE,AQLRatesLJTermStructureSDE,27,RENAME
LAPriceIndexToolCompound,AQLPriceIndexToolCompound,27,RENAME
LAPriceDriftSMMAnnuity,AQLPriceDriftSMMAnnuity,27,RENAME
LAMathLeastSquareHybridHWDDProcess,AQLMathLeastSquareHybridHWDDProcess,27,RENAME
LARatesNumeraireBankAccountHJM,AQLRatesNumeraireBankAccountHJM,27,RENAME
LAMathVolFuncSZDDVolFactor,AQLMathVolFuncSZDDVolFactor,27,RENAME
LAMathLeastSquareSABRConstraint,AQLMathLeastSquareSABRConstraint,27,RENAME
LARatesLJSpotSDE,AQLRatesLJSpotSDE,27,RENAME
LAPriceCashValue,AQLPriceCashValue,26,RENAME
LAMathLeastSquareSwaptionVolDiscModelGQlib,AQLMathLeastSquareSwaptionVolDiscModelGQlib,26,RENAME
LAPolyFitLS,AQLPolyFitLS,26,RENAME
LAMathLeastSquareHybridHWDDProcess2Qlib,AQLMathLeastSquareHybridHWDDProcess2Qlib,26,RENAME
LAMathLeastSquareBlackDDVolQlib,AQLMathLeastSquareBlackDDVolQlib,26,RENAME
LARatesCurveForLogLinearInterpolationDmy,AQLRatesCurveForLogLinearInterpolationDmy,26,RENAME
LAMathJamshidianSwaptionDataProvider,AQLMathJamshidianSwaptionDataProvider,26,RENAME
LAMathLeastSquareHybridHWDDProcess3Qlib,AQLMathLeastSquareHybridHWDDProcess3Qlib,26,RENAME
LAMathLeastSquareSwaptionVolDiscModelVQlib,AQLMathLeastSquareSwaptionVolDiscModelVQlib,26,RENAME
LAMathIndexEntityInterpolation,AQLMathIndexEntityInterpolation,26,RENAME
LAPriceIMMFwdRiskConversionMatrix,AQLPriceIMMFwdRiskConversionMatrix,26,RENAME
LAMathLeastSquareSwaptionVolDiscModelFQlib,AQLMathLeastSquareSwaptionVolDiscModelFQlib,26,RENAME
LAMathLeastSquareSABRCapFloorCostFuncQlib,AQLMathLeastSquareSABRCapFloorCostFuncQlib,25,RENAME
LARatesCpnCapFloorFuncForTARN,AQLRatesCpnCapFloorFuncForTARN,25,RENAME
LAMathLeastSquareHybridHWLVProcess,AQLMathLeastSquareHybridHWLVProcess,25,RENAME
LARatesCpnCapFuncForTARN,AQLRatesCpnCapFuncForTARN,25,RENAME
LARatesPCIntegral,AQLRatesPCIntegral,25,RENAME
LAPriceFXSingleBarrierOptionValue,AQLPriceFXSingleBarrierOptionValue,25,RENAME
LAPriceEventTerminate,AQLPriceEventTerminate,25,RENAME
LARatesPathElementLogDDLMMCurve,AQLRatesPathElementLogDDLMMCurve,25,RENAME
LARatesPathElementLogLMMCurve,AQLRatesPathElementLogLMMCurve,25,RENAME
LAMathJamshidianRStarFinder,AQLMathJamshidianRStarFinder,25,RENAME
LAMathHullWhiteParams,AQLMathHullWhiteParams,25,RENAME
LARatesAccruedCouponFuncBase,AQLRatesAccruedCouponFuncBase,24,RENAME
LAMathHybridHWDDMPProcessHelper2,AQLMathHybridHWDDMPProcessHelper2,24,RENAME
LARatesNumeraireDiscountBond,AQLRatesNumeraireDiscountBond,24,RENAME
LAMathCorFuncLMM,AQLMathCorFuncLMM,24,RENAME
LAPolynomialPS,AQLPolynomialPS,24,RENAME
LAMathVolFuncLMM,AQLMathVolFuncLMM,24,RENAME
LARatesCurveForHWInterpolation,AQLRatesCurveForHWInterpolation,24,RENAME
LARatesDmySDE,AQLRatesDmySDE,24,RENAME
LAMathVolFuncWave,AQLMathVolFuncWave,24,RENAME
LAMathHWFuncToolForMRIntegral,AQLMathHWFuncToolForMRIntegral,24,RENAME
LARatesAggregateCouponCap,AQLRatesAggregateCouponCap,24,RENAME
LAMathVolFuncStructureBase,AQLMathVolFuncStructureBase,24,RENAME
LAPriceSZCalibration,AQLPriceSZCalibration,24,RENAME
LASumMethod,AQLSumMethod,24,RENAME
LAPricePayOffToolRangeAccrueImpl,AQLPricePayOffToolRangeAccrueImpl,24,RENAME
LAMathFXAdjuster,AQLMathFXAdjuster,24,RENAME
LARatesCurveForLinearInterpolation,AQLRatesCurveForLinearInterpolation,24,RENAME
LAPriceIndexToolFixed,AQLPriceIndexToolFixed,24,RENAME
LARatesNumeraireAnnuity,AQLRatesNumeraireAnnuity,24,RENAME
LAMathLeastSquareCorrelationLMM,AQLMathLeastSquareCorrelationLMM,24,RENAME
LABlackScholesCalc,AQLBlackScholesCalc,24,RENAME
LABlackScholesCapletSpreadOption,AQLBlackScholesCapletSpreadOption,23,RENAME
LARatesScalarLinearInterpolation,AQLRatesScalarLinearInterpolation,23,RENAME
LABlackScholesFloorletOption,AQLBlackScholesFloorletOption,23,RENAME
LAPriceFXDisplacedDiffusionCalibration3F,AQLPriceFXDisplacedDiffusionCalibration3F,23,RENAME
LAMathLeastSquareSwaptionVolDiscModelG,AQLMathLeastSquareSwaptionVolDiscModelG,23,RENAME
LAMathCorrelationFuncLMMFnC,AQLMathCorrelationFuncLMMFnC,23,RENAME
LAPriceFXDDIntegral,AQLPriceFXDDIntegral,23,RENAME
LAAverageMethod,AQLAverageMethod,23,RENAME
LAMathLeastSquareSwaptionVolDiscModelF,AQLMathLeastSquareSwaptionVolDiscModelF,23,RENAME
LAMathCapFloorSABR,AQLMathCapFloorSABR,23,RENAME
LARatesEulerMaruyama,AQLRatesEulerMaruyama,23,RENAME
LAMathScheduleUtility,AQLMathScheduleUtility,23,RENAME
LAMathCorrelationFuncLMMFnB,AQLMathCorrelationFuncLMMFnB,23,RENAME
LASumMethod2,AQLSumMethod2,23,RENAME
LAPriceCouponForDigital2,AQLPriceCouponForDigital2,23,RENAME
LAPriceFXDDIntegral3,AQLPriceFXDDIntegral3,23,RENAME
LAMathLeastSquareSwaptionVolDiscModelV,AQLMathLeastSquareSwaptionVolDiscModelV,23,RENAME
LARatesAggregateCouponCapFloor,AQLRatesAggregateCouponCapFloor,23,RENAME
LAPriceFXDDIntegralMelstein,AQLPriceFXDDIntegralMelstein,23,RENAME
LAPriceIRSwaptionValueFromCashFlow,AQLPriceIRSwaptionValueFromCashFlow,23,RENAME
LAMathLeastSquareBlackDDSkew,AQLMathLeastSquareBlackDDSkew,22,RENAME
LAMathLeastSquareCostFuncSZ,AQLMathLeastSquareCostFuncSZ,22,RENAME
LAMathBaseFuncUtility,AQLMathBaseFuncUtility,22,RENAME
LABlackScholesStraddleOption,AQLBlackScholesStraddleOption,22,RENAME
LAMathLeastSquareCapFloorVolDiscModelVQlib,AQLMathLeastSquareCapFloorVolDiscModelVQlib,22,RENAME
LAMathLeastSquareCapFloorVolDiscModelGQlib,AQLMathLeastSquareCapFloorVolDiscModelGQlib,22,RENAME
LAPriceDriftLogLMMForward,AQLPriceDriftLogLMMForward,22,RENAME
LAPriceDriftLogLMMSpot,AQLPriceDriftLogLMMSpot,22,RENAME
LAMathFactorLoadingFunction,AQLMathFactorLoadingFunction,22,RENAME
LARatesCpnCapFunc,AQLRatesCpnCapFunc,22,RENAME
LALinearRatesSwapTradeValueForExo,AQLLinearRatesSwapTradeValueForExo,22,RENAME
LAMathLeastSquareCapFloorVolDiscModelFQlib,AQLMathLeastSquareCapFloorVolDiscModelFQlib,22,RENAME
LARatesRangeCountFunc,AQLRatesRangeCountFunc,22,RENAME
LAPriceDriftLogLMMTerminal,AQLPriceDriftLogLMMTerminal,22,RENAME
LAPriceFXKnockoutRebateValue,AQLPriceFXKnockoutRebateValue,22,RENAME
LAProductMethod,AQLProductMethod,21,RENAME
LAPriceFXDigitalCallSpreadOptionValue,AQLPriceFXDigitalCallSpreadOptionValue,21,RENAME
LAMathLeastSquareBlackDDVol,AQLMathLeastSquareBlackDDVol,21,RENAME
LAPriceEventNotExCurChange,AQLPriceEventNotExCurChange,21,RENAME
LADigitalMethod,AQLDigitalMethod,21,RENAME
LAPriceCouponRainbow,AQLPriceCouponRainbow,21,RENAME
LAPriceFXDigitalCallSpreadSingleBarrierOptionValue,AQLPriceFXDigitalCallSpreadSingleBarrierOptionValue,21,RENAME
LABlackScholesCollarOption,AQLBlackScholesCollarOption,21,RENAME
LABlackScholesStrangleOption,AQLBlackScholesStrangleOption,21,RENAME
LAMathCostFuncSZ,AQLMathCostFuncSZ,20,RENAME
LAPriceIndexToolCpnCF,AQLPriceIndexToolCpnCF,20,RENAME
LAMathLeastSquareCapFloorVolDiscModelF,AQLMathLeastSquareCapFloorVolDiscModelF,20,RENAME
LAPriceOptionGenerator,AQLPriceOptionGenerator,20,RENAME
LAMathLeastSquareCapFloorVolDiscModelV,AQLMathLeastSquareCapFloorVolDiscModelV,20,RENAME
LARatesUnionLinearFunc,AQLRatesUnionLinearFunc,20,RENAME
LAPriceFXDigitalOptionValue,AQLPriceFXDigitalOptionValue,20,RENAME
LARatesUnionFunc,AQLRatesUnionFunc,20,RENAME
LAMathLeastSquareHybridHWDDProcess2,AQLMathLeastSquareHybridHWDDProcess2,20,RENAME
LAPriceEventNotionalChange,AQLPriceEventNotionalChange,20,RENAME
LARatesInterSectionFunc,AQLRatesInterSectionFunc,20,RENAME
LAMathLeastSquareHybridHWDDProcess3,AQLMathLeastSquareHybridHWDDProcess3,20,RENAME
LAPriceEventCpnChange,AQLPriceEventCpnChange,20,RENAME
LAMathLeastSquareCapFloorVolDiscModelG,AQLMathLeastSquareCapFloorVolDiscModelG,20,RENAME
LARatesCurveForStepLinearInterpolation,AQLRatesCurveForStepLinearInterpolation,20,RENAME
LAMathSABRLimiter,AQLMathSABRLimiter,20,RENAME
LAPriceEventOption,AQLPriceEventOption,20,RENAME
LAMathFXVolSurfUtility,AQLMathFXVolSurfUtility,19,RENAME
LAPriceHWCalibration,AQLPriceHWCalibration,19,RENAME
LAQuantLibDisposable,AQLQuantLibDisposable,19,RENAME
LAPriceCopulaCMSSpread,AQLPriceCopulaCMSSpread,19,RENAME
LABlackScholesFloorletSpreadOption,AQLBlackScholesFloorletSpreadOption,19,RENAME
LALinearRatesSwapTradeValueDataProvider,AQLLinearRatesSwapTradeValueDataProvider,19,RENAME
LAPriceLMMCalibration,AQLPriceLMMCalibration,19,RENAME
LAMathVolatilityLMMDisc,AQLMathVolatilityLMMDisc,19,RENAME
LAMathLeastSquareHybridHWDDProcess1,AQLMathLeastSquareHybridHWDDProcess1,18,RENAME
LAMathAntonovFXOptionVolatilityFixed,AQLMathAntonovFXOptionVolatilityFixed,18,RENAME
LAMathAntonovFXOptionBetaFixed,AQLMathAntonovFXOptionBetaFixed,18,RENAME
LARatesPathElementAFFCurve,AQLRatesPathElementAFFCurve,18,RENAME
LAMathJamshidianSwaptionByImplyVol,AQLMathJamshidianSwaptionByImplyVol,18,RENAME
LATime,AQLTime,18,RENAME
LAPriceEventTool,AQLPriceEventTool,18,RENAME
LARatesPathElementSRCurve,AQLRatesPathElementSRCurve,18,RENAME
LACompoundMethod5,AQLCompoundMethod5,17,RENAME
LACompoundMethod2,AQLCompoundMethod2,17,RENAME
LAPriceCouponToolCompound,AQLPriceCouponToolCompound,17,RENAME
LACompoundMethod4,AQLCompoundMethod4,17,RENAME
LACompoundMethod1,AQLCompoundMethod1,17,RENAME
LACompoundMethod3,AQLCompoundMethod3,17,RENAME
LAFractionMethod,AQLFractionMethod,17,RENAME
LACompoundMethod6,AQLCompoundMethod6,17,RENAME
LAModelDynamicsHW1FCurve,AQLModelDynamicsHW1FCurve,17,RENAME
LABlackSholesDelayedFloorletOption,AQLBlackSholesDelayedFloorletOption,17,RENAME
LACompoundMethod8,AQLCompoundMethod8,16,RENAME
LABlackScholesDelayedCapletOption,AQLBlackScholesDelayedCapletOption,16,RENAME
LAMathBoundaryConstraintMktSkewVol,AQLMathBoundaryConstraintMktSkewVol,16,RENAME
LAMathLeastSquareSABRCapFloorCostFunc,AQLMathLeastSquareSABRCapFloorCostFunc,16,RENAME
LAMathSwaptionPremLMMDiscModel_ShiftedDD,AQLMathSwaptionPremLMMDiscModel_ShiftedDD,16,RENAME
LAMathCapFloorConvention,AQLMathCapFloorConvention,16,RENAME
LAPriceCouponMin,AQLPriceCouponMin,16,RENAME
LACompoundMethod7,AQLCompoundMethod7,16,RENAME
LABlackShcolesDigitalFloorletOption,AQLBlackShcolesDigitalFloorletOption,16,RENAME
LAMathLeastSquareConstraintSZ,AQLMathLeastSquareConstraintSZ,16,RENAME
LARatesContiBankAccountFunction,AQLRatesContiBankAccountFunction,16,RENAME
LAPriceCouponForDigital,AQLPriceCouponForDigital,16,RENAME
LALinearRegression,AQLLinearRegression,15,RENAME
LAQuantLibBoundaryConstraint,AQLQuantLibBoundaryConstraint,15,RENAME
LAMathSABR_Chaos_DD,AQLMathSABR_Chaos_DD,15,RENAME
LAPriceFXKnockoutRebateValueDataProvider,AQLPriceFXKnockoutRebateValueDataProvider,15,RENAME
LACompoundMethod9,AQLCompoundMethod9,15,RENAME
LAMathSwaptionVolLMMDiscModel_DD,AQLMathSwaptionVolLMMDiscModel_DD,15,RENAME
LAMathCorrelationParams,AQLMathCorrelationParams,15,RENAME
LARatesCurveWithBasis,AQLRatesCurveWithBasis,15,RENAME
LAPriceCouponRainbowMin,AQLPriceCouponRainbowMin,15,RENAME
LAModelDynamicsBase,AQLModelDynamicsBase,14,RENAME
LAPriceCMSCalibrationTarget,AQLPriceCMSCalibrationTarget,14,RENAME
LAMathBasisFunction,AQLMathBasisFunction,14,RENAME
LAPriceCouponMax,AQLPriceCouponMax,14,RENAME
LAMathJamshidianSwaptionByImplyVolDataProvider,AQLMathJamshidianSwaptionByImplyVolDataProvider,14,RENAME
LAMathSABR_Chaos,AQLMathSABR_Chaos,14,RENAME
LAMathCapFloorVolUtility,AQLMathCapFloorVolUtility,14,RENAME
LAPriceCMSSpreadCallPricer,AQLPriceCMSSpreadCallPricer,13,RENAME
LAMathConvexityAdust_Antonov,AQLMathConvexityAdust_Antonov,13,RENAME
LAPriceCMSSpreadStripTarget,AQLPriceCMSSpreadStripTarget,13,RENAME
LAMathConstraintSZ,AQLMathConstraintSZ,13,RENAME
LARatesCurveWithBasisHW,AQLRatesCurveWithBasisHW,13,RENAME
LAMathBasisFunction2,AQLMathBasisFunction2,13,RENAME
LAPriceCMSMLATMTarget,AQLPriceCMSMLATMTarget,13,RENAME
LAMathArbitrageFreeCurve,AQLMathArbitrageFreeCurve,13,RENAME
LAMathCentralBank,AQLMathCentralBank,12,RENAME
LAPriceIRSABRVolatility,AQLPriceIRSABRVolatility,12,RENAME
LAPricePayOffToolCompound,AQLPricePayOffToolCompound,12,RENAME
LAPriceCashValueDataProvider,AQLPriceCashValueDataProvider,12,RENAME
LASABRCAIntegral,AQLSABRCAIntegral,12,RENAME
LAMathVolatilityLMM,AQLMathVolatilityLMM,11,RENAME
LAPriceAnotherUnderlyingAsset,AQLPriceAnotherUnderlyingAsset,11,RENAME
LAPriceCopulaSpreadUtility,AQLPriceCopulaSpreadUtility,11,RENAME
LACompoundMethod10,AQLCompoundMethod10,11,RENAME
LAPriceIRVegaUnderlyingAsset,AQLPriceIRVegaUnderlyingAsset,11,RENAME
LAMathDisplacedDiffusionParams,AQLMathDisplacedDiffusionParams,11,RENAME
LAPriceFXStrangleSolverVolatility,AQLPriceFXStrangleSolverVolatility,11,RENAME
LAMathObjectArray,AQLMathObjectArray,11,RENAME
LAPriceVVValueModel,AQLPriceVVValueModel,10,RENAME
LAMathLeastSquareSABRConstraintQlib,AQLMathLeastSquareSABRConstraintQlib,10,RENAME
LAPricePlainVolatilityFromDirectInput,AQLPricePlainVolatilityFromDirectInput,10,RENAME
LAPriceOriginalIRSABRUnderlyingAsset,AQLPriceOriginalIRSABRUnderlyingAsset,10,RENAME
LAMathOptionTools,AQLMathOptionTools,10,RENAME
LAPriceFXStrangleSolverATMVolatility,AQLPriceFXStrangleSolverATMVolatility,10,RENAME
LACompoundMethod11,AQLCompoundMethod11,10,RENAME
LAMathLeastSquareSABRConstraint_AntonovQlib,AQLMathLeastSquareSABRConstraint_AntonovQlib,10,RENAME
LAPricePlainVolatilityFromDirectInputOfCashlets,AQLPricePlainVolatilityFromDirectInputOfCashlets,10,RENAME
LAMathSABRCalibrator,AQLMathSABRCalibrator,10,RENAME
LAPricePlainVolatilityPVVolMatrixUse,AQLPricePlainVolatilityPVVolMatrixUse,10,RENAME
LAPriceBSValueModel,AQLPriceBSValueModel,10,RENAME
LAMathVolatilityLMMDiscFlat,AQLMathVolatilityLMMDiscFlat,9,RENAME
LAPriceFXVannaVolgaVolatility,AQLPriceFXVannaVolgaVolatility,9,RENAME
LABlackScholesBaseFunc,AQLBlackScholesBaseFunc,9,RENAME
LAPriceCMSSpreadSmileTarget,AQLPriceCMSSpreadSmileTarget,9,RENAME
LABlackScholesCapletOptionPayoff,AQLBlackScholesCapletOptionPayoff,9,RENAME
LAMathCapVolCalibrator,AQLMathCapVolCalibrator,9,RENAME
LAMathVolatilityLMMContModel,AQLMathVolatilityLMMContModel,9,RENAME
LAMathAFCurveCalibrator,AQLMathAFCurveCalibrator,8,RENAME
LAMathSABRCalibratorATMFix,AQLMathSABRCalibratorATMFix,8,RENAME
LAMathHybridHWDDMPProcessHelperConstHWparams,AQLMathHybridHWDDMPProcessHelperConstHWparams,8,RENAME
LAMathBalckCmsOption,AQLMathBalckCmsOption,8,RENAME
LAMathSABRNuMatrix,AQLMathSABRNuMatrix,7,RENAME
LAModelDynamicsScalar,AQLModelDynamicsScalar,7,RENAME
LAMathSABRBetaMatrix,AQLMathSABRBetaMatrix,7,RENAME
LAModelDynamicsLMMCurve,AQLModelDynamicsLMMCurve,7,RENAME
LARatesCurveForNumeraire,AQLRatesCurveForNumeraire,7,RENAME
LAMathSABRRhoMatrix,AQLMathSABRRhoMatrix,7,RENAME
LACompoundingFunc,AQLCompoundingFunc,7,RENAME
LAMathSABRAlphaMatrix,AQLMathSABRAlphaMatrix,7,RENAME
LAPriceLSMCOperator,AQLPriceLSMCOperator,6,RENAME
LAMathObject,AQLMathObject,6,RENAME
LAMathBoundaryConstraintMktSkewVolQLib,AQLMathBoundaryConstraintMktSkewVolQLib,6,RENAME
LAMathObjectConst,AQLMathObjectConst,6,RENAME
LAMathBalckCmsOptionApproxA,AQLMathBalckCmsOptionApproxA,6,RENAME
LAPriceCMSSpreadATMTarget,AQLPriceCMSSpreadATMTarget,6,RENAME
LAGreekvolgaPut,AQLGreekvolgaPut,5,RENAME
LAGreekvannaPut,AQLGreekvannaPut,5,RENAME
LAGreekpremCall,AQLGreekpremCall,5,RENAME
LAGreekvolgaCall,AQLGreekvolgaCall,5,RENAME
LAPriceSABRSwaptionCalculator,AQLPriceSABRSwaptionCalculator,5,RENAME
LABlackthetaCall,AQLBlackthetaCall,5,RENAME
LAGreekvegaCall,AQLGreekvegaCall,5,RENAME
LAGreekphiPut,AQLGreekphiPut,5,RENAME
LAGreekthetaCall,AQLGreekthetaCall,5,RENAME
LABlackgammaCall,AQLBlackgammaCall,5,RENAME
LABlackdeltaPut,AQLBlackdeltaPut,5,RENAME
LAMathParameterUtility,AQLMathParameterUtility,5,RENAME
LAGreekgammaCall,AQLGreekgammaCall,5,RENAME
LABlackthetaPut,AQLBlackthetaPut,5,RENAME
LAPriceCMSCalibration,AQLPriceCMSCalibration,5,RENAME
LAGreekvannaCall,AQLGreekvannaCall,5,RENAME
LABlackPayOffpremCall,AQLBlackPayOffpremCall,5,RENAME
LAGreekrhoCall,AQLGreekrhoCall,5,RENAME
LAGreekdeltaPut,AQLGreekdeltaPut,5,RENAME
LAPriceCMSSpreadStrip,AQLPriceCMSSpreadStrip,5,RENAME
LABlackpremPut,AQLBlackpremPut,5,RENAME
LABlackvegaPut,AQLBlackvegaPut,5,RENAME
LABlackpremCall,AQLBlackpremCall,5,RENAME
LAGreekphiCall,AQLGreekphiCall,5,RENAME
LAMathCashFlowSchedules,AQLMathCashFlowSchedules,5,RENAME
LAPriceCMSSpreadCalibration,AQLPriceCMSSpreadCalibration,5,RENAME
LAGreekdeltaCall,AQLGreekdeltaCall,5,RENAME
LABlackdeltaCall,AQLBlackdeltaCall,5,RENAME
LABlackvegaCall,AQLBlackvegaCall,5,RENAME
LABlackPayOffpremPut,AQLBlackPayOffpremPut,5,RENAME
LABlackgammaPut,AQLBlackgammaPut,5,RENAME
LAGreekthetaPut,AQLGreekthetaPut,5,RENAME
LAGreekrhoPut,AQLGreekrhoPut,5,RENAME
LAGreekpremPut,AQLGreekpremPut,5,RENAME
LAGreekgammaPut,AQLGreekgammaPut,5,RENAME
LAGreekvegaPut,AQLGreekvegaPut,5,RENAME
LAMathBoundaryConstraintLMMVolGQlib,AQLMathBoundaryConstraintLMMVolGQlib,4,RENAME
LAMathVolatilityLMMContFlat,AQLMathVolatilityLMMContFlat,4,RENAME
LAMathBoundaryConstraintLMMVolG,AQLMathBoundaryConstraintLMMVolG,4,RENAME
LAMathLeastSquareSABRQlib,AQLMathLeastSquareSABRQlib,4,RENAME
LAMathBoundaryConstraintLMMVolV,AQLMathBoundaryConstraintLMMVolV,4,RENAME
LAMathSwaptionSABR,AQLMathSwaptionSABR,4,RENAME
LAPriceCMSSpreadFormula,AQLPriceCMSSpreadFormula,4,RENAME
LAMathHybridHWLVUtil,AQLMathHybridHWLVUtil,4,RENAME
LAMathBoundaryConstraintLMMVolF,AQLMathBoundaryConstraintLMMVolF,4,RENAME
LAMathBoundaryConstraintLMMVolFQlib,AQLMathBoundaryConstraintLMMVolFQlib,4,RENAME
LAPriceReplication,AQLPriceReplication,4,RENAME
LAPriceCMSTools,AQLPriceCMSTools,4,RENAME
LAMathVolatilityLMMDiscFlatStdDev,AQLMathVolatilityLMMDiscFlatStdDev,4,RENAME
LAMathBoundaryConstraintLMMVolVQlib,AQLMathBoundaryConstraintLMMVolVQlib,4,RENAME
LAPriceSwapRateCalculator,AQLPriceSwapRateCalculator,3,RENAME
LAModelDynamicsAFFCurve,AQLModelDynamicsAFFCurve,3,RENAME
LABlackScholesDigitalCapletOptionPayoff,AQLBlackScholesDigitalCapletOptionPayoff,3,RENAME
LABlackScholesFloorletOptionPayoff,AQLBlackScholesFloorletOptionPayoff,3,RENAME
LAMathLeastSquareSZ,AQLMathLeastSquareSZ,3,RENAME
LAModelDynamicsDDLMMCurve,AQLModelDynamicsDDLMMCurve,3,RENAME
LAMathLeastSquareSABR,AQLMathLeastSquareSABR,3,RENAME
LAMathTarget2fit1,AQLMathTarget2fit1,3,RENAME
LAPriceCMSSpreadTools,AQLPriceCMSSpreadTools,3,RENAME
LAMathBoundaryConstraintHybridHWLVProcess,AQLMathBoundaryConstraintHybridHWLVProcess,3,RENAME
LAPriceSwapRateCalculator_h,AQLPriceSwapRateCalculator_h,2,RENAME
LAMathLeastSquareCorrelationLMMQlib_h,AQLMathLeastSquareCorrelationLMMQlib_h,2,RENAME
LAMathAntonovFXOption_h,AQLMathAntonovFXOption_h,2,RENAME
LALinearRatesVolatilityManager_h,AQLLinearRatesVolatilityManager_h,2,RENAME
LAPriceCMSSpreadStrip_h,AQLPriceCMSSpreadStrip_h,2,RENAME
LABlackScholesStrangleOptionPayoff,AQLBlackScholesStrangleOptionPayoff,2,RENAME
LAMathSwaptionVolUtility_h,AQLMathSwaptionVolUtility_h,2,RENAME
LAMathYieldCurve_h,AQLMathYieldCurve_h,2,RENAME
LAMathAntonovFXOptionVolatilityFixed_h,AQLMathAntonovFXOptionVolatilityFixed_h,2,RENAME
LAMathLeastSquareSwaptionCapFloor_h,AQLMathLeastSquareSwaptionCapFloor_h,2,RENAME
LAMathJamshidianSwaptionByImplyVol_h,AQLMathJamshidianSwaptionByImplyVol_h,2,RENAME
LAMathBoundaryConstraintVolLMMQlib_h,AQLMathBoundaryConstraintVolLMMQlib_h,2,RENAME
LAPriceCouponRainbowMax_h,AQLPriceCouponRainbowMax_h,2,RENAME
LAPriceFXDigitalCallSpreadOptionValue_h,AQLPriceFXDigitalCallSpreadOptionValue_h,2,RENAME
LABlackScholesDelayedCapletOptionPayoff,AQLBlackScholesDelayedCapletOptionPayoff,2,RENAME
LAMathOptionTools_h,AQLMathOptionTools_h,2,RENAME
LAPriceFlatSABRSwaptionCalculator,AQLPriceFlatSABRSwaptionCalculator,2,RENAME
LAPriceFXDigitalOptionValue_h,AQLPriceFXDigitalOptionValue_h,2,RENAME
LAPriceCMSSpreadCalibration_h,AQLPriceCMSSpreadCalibration_h,2,RENAME
LAMathLeastSquareHybridHWLVProcess_h,AQLMathLeastSquareHybridHWLVProcess_h,2,RENAME
LAPriceCouponForDigital2_h,AQLPriceCouponForDigital2_h,2,RENAME
LAMathLeastSquareBlackDDQlib_h,AQLMathLeastSquareBlackDDQlib_h,2,RENAME
LAPriceFXKnockoutRebateValue_h,AQLPriceFXKnockoutRebateValue_h,2,RENAME
LAMathCapFloor_h,AQLMathCapFloor_h,2,RENAME
LAMathBoundaryConstraintVolLMM_h,AQLMathBoundaryConstraintVolLMM_h,2,RENAME
LAPriceConvergenceValue_h,AQLPriceConvergenceValue_h,2,RENAME
LAMathCurveGenerateFuncUtility_h,AQLMathCurveGenerateFuncUtility_h,2,RENAME
LAMathIRVanillaFuncUtility_h,AQLMathIRVanillaFuncUtility_h,2,RENAME
LAMathArbitrageFreeCurve_h,AQLMathArbitrageFreeCurve_h,2,RENAME
LAMathSwaptionVolLMM_h,AQLMathSwaptionVolLMM_h,2,RENAME
LAMATHHWFUNCMR_H,AQLMATHHWFUNCMR_H,2,RENAME
LAPriceThresholdSABRSwaptionCalculator,AQLPriceThresholdSABRSwaptionCalculator,2,RENAME
LAPricePortfolioValue_h,AQLPricePortfolioValue_h,2,RENAME
LABlackScholesCapletSpreadOptionPayoff,AQLBlackScholesCapletSpreadOptionPayoff,2,RENAME
LABlackShcolesDigitalFloorletOption_h,AQLBlackShcolesDigitalFloorletOption_h,2,RENAME
LAPriceCashValue_h,AQLPriceCashValue_h,2,RENAME
LACoreUtility_h,AQLCoreUtility_h,2,RENAME
LAMathAnalyticalFormula2,AQLMathAnalyticalFormula2,2,RENAME
LAMathBlackCmsOption,AQLMathBlackCmsOption,2,RENAME
LABlackScholesStraddleOptionPayoff,AQLBlackScholesStraddleOptionPayoff,2,RENAME
LAMathCashFlowSchedules_h,AQLMathCashFlowSchedules_h,2,RENAME
LABlackScholesDigitalFloorletOptionPayoff,AQLBlackScholesDigitalFloorletOptionPayoff,2,RENAME
LAPriceIMMFwdRiskConversionMatrix_h,AQLPriceIMMFwdRiskConversionMatrix_h,2,RENAME
LAMathLeastSquareCapFloorQlib_h,AQLMathLeastSquareCapFloorQlib_h,2,RENAME
LAMathAnalyticalBlack2_h,AQLMathAnalyticalBlack2_h,2,RENAME
LAPriceCMSCalibration_h,AQLPriceCMSCalibration_h,2,RENAME
LAMathBaseFuncUtility_h,AQLMathBaseFuncUtility_h,2,RENAME
LAPriceSwaptionCalculator_h,AQLPriceSwaptionCalculator_h,2,RENAME
LALinearRatesSwapTradeValue_h,AQLLinearRatesSwapTradeValue_h,2,RENAME
LAPriceIRVegaUnderlyingAsset_h,AQLPriceIRVegaUnderlyingAsset_h,2,RENAME
LAPriceCopulaCMSSpread_h,AQLPriceCopulaCMSSpread_h,2,RENAME
LAMathFXVanillaUtility_h,AQLMathFXVanillaUtility_h,2,RENAME
LAPriceCouponForDigital_h,AQLPriceCouponForDigital_h,2,RENAME
LAModelDynamicsSRCurve,AQLModelDynamicsSRCurve,2,RENAME
LAPriceCMSSpreadFormula_h,AQLPriceCMSSpreadFormula_h,2,RENAME
LAMathHybridHWLVUtil_h,AQLMathHybridHWLVUtil_h,2,RENAME
LAMathAntonovFXOptionBetaFixed_h,AQLMathAntonovFXOptionBetaFixed_h,2,RENAME
LABlackScholesDelayedFloorletOptionPayoff,AQLBlackScholesDelayedFloorletOptionPayoff,2,RENAME
LAPriceFXSingleBarrierOptionValue_h,AQLPriceFXSingleBarrierOptionValue_h,2,RENAME
LAPriceIRSwaptionValueFromCashFlow_h,AQLPriceIRSwaptionValueFromCashFlow_h,2,RENAME
LAMathRStarFinder_h,AQLMathRStarFinder_h,2,RENAME
LAMathLeastSquareCapFloor_h,AQLMathLeastSquareCapFloor_h,2,RENAME
LAMathLeastSquareSwaptionVol_h,AQLMathLeastSquareSwaptionVol_h,2,RENAME
LALinearRatesVolatility_h,AQLLinearRatesVolatility_h,2,RENAME
LAPriceBenaimSABRSwaptionCalculator,AQLPriceBenaimSABRSwaptionCalculator,2,RENAME
LAMathAnalyticalFormula2_h,AQLMathAnalyticalFormula2_h,2,RENAME
LAPriceIRSwaptionValue_h,AQLPriceIRSwaptionValue_h,2,RENAME
LAMathCurveFuncUtility_h,AQLMathCurveFuncUtility_h,2,RENAME
LAMathLeastSquareSwaptionCapFloorQlib_h,AQLMathLeastSquareSwaptionCapFloorQlib_h,2,RENAME
LAMathArbFreeCurve,AQLMathArbFreeCurve,2,RENAME
LALinearRatesModel_h,AQLLinearRatesModel_h,2,RENAME
LAPriceFXDigitalCallSpreadSingleBarrierOptionValue_h,AQLPriceFXDigitalCallSpreadSingleBarrierOptionValue_h,2,RENAME
LAMATHHWFUNCSIGMA_H,AQLMATHHWFUNCSIGMA_H,2,RENAME
LAPriceCMSSpreadTools_h,AQLPriceCMSSpreadTools_h,2,RENAME
LAMathLeastSquareCorrelationLMM_h,AQLMathLeastSquareCorrelationLMM_h,2,RENAME
LABlackScholesCollarOptionPayoff,AQLBlackScholesCollarOptionPayoff,2,RENAME
LALinearRatesSwapTradeValueForExo_h,AQLLinearRatesSwapTradeValueForExo_h,2,RENAME
LAPriceCMSTools_h,AQLPriceCMSTools_h,2,RENAME
LABlackScholesDigitalCapletOption_h,AQLBlackScholesDigitalCapletOption_h,2,RENAME
LAPriceLSMCTradeValue_h,AQLPriceLSMCTradeValue_h,2,RENAME
LAMathJamshidianSwaption_h,AQLMathJamshidianSwaption_h,2,RENAME
LAMathCapFloorVolUtility_h,AQLMathCapFloorVolUtility_h,2,RENAME
LAMathLeastSquareHybridHWLVProcessQlib_h,AQLMathLeastSquareHybridHWLVProcessQlib_h,2,RENAME
LAMathLeastSquareSwaptionVolQlib_h,AQLMathLeastSquareSwaptionVolQlib_h,2,RENAME
LAMathLeastSquareBlackDD_h,AQLMathLeastSquareBlackDD_h,2,RENAME
LAModelDynamicsSMMCurve,AQLModelDynamicsSMMCurve,1,RENAME
LAPriceLSMCTradeValueDataProvider,AQLPriceLSMCTradeValueDataProvider,1,RENAME
LAModelDynamicsHJMCurve,AQLModelDynamicsHJMCurve,1,RENAME
LAProdFunc,AQLProdFunc,1,RENAME
LAMathBoundaryConstraintVolLMM,AQLMathBoundaryConstraintVolLMM,1,RENAME
LADigitalFunc,AQLDigitalFunc,1,RENAME
LAMathBoundaryConstraintVolLMMQlib,AQLMathBoundaryConstraintVolLMMQlib,1,RENAME
LASumFunc2,AQLSumFunc2,1,RENAME
LASumFunc,AQLSumFunc,1,RENAME
LAAverageFunc,AQLAverageFunc,1,RENAME
LAMathHWSigmaFunc,AQLMathHWSigmaFunc,1,RENAME
LAModelDynamicsLogDDLMMCurve,AQLModelDynamicsLogDDLMMCurve,1,RENAME
LAFractionFunc,AQLFractionFunc,1,RENAME
LAMathAnalyticalBlack2,AQLMathAnalyticalBlack2,1,RENAME
LAModelDynamicsLogLMMCurve,AQLModelDynamicsLogLMMCurve,1,RENAME
LABlackScholesFloorletSpreadOptionPayoff,AQLBlackScholesFloorletSpreadOptionPayoff,1,RENAME
LAContainerFunc,AQLContainerFunc,0,RENAME
MANUAL,,13,SKIP english-word macro/enum value
MANAGER,,6,SKIP english-word macro/enum value
