old,new,refs
TestMeLWOCurveCalibrate,TestAqCurvesCalibrate,3
TestMeLWOInflationCPI_OnPillarDates,TestAqCurvesInflationCPI_OnPillarDates,1
meLWO,aqObjects,9
meLWOAssetSwapCleanPrice,aqSwapsAssetSwapCleanPrice,1
meLWOAssetSwapFixedEqvCoupon,aqSwapsAssetSwapFixedEqvCoupon,2
meLWOAssetSwapParParFromCleanPrice,aqSwapsAssetSwapParParFromCleanPrice,2
meLWOAssetSwapSpread,aqSwapsAssetSwapSpread,3
meLWOAssetSwapSpreadFromFixedEqvCoupon,aqSwapsAssetSwapSpreadFromFixedEqvCoupon,2
meLWOAssetSwapSpreadToCleanPrice,aqSwapsAssetSwapSpreadToCleanPrice,2
meLWOBondAccruedInterest,aqBondsAccruedInterest,4
meLWOBondAccruedInterestDays,aqBondsAccruedInterestDays,2
meLWOBondCheapestToDeliverByImpliedRepoRate,aqBondsCheapestToDeliverByImpliedRepoRate,2
meLWOBondCheapestToDeliverByNetBasis,aqBondsCheapestToDeliverByNetBasis,2
meLWOBondCleanPrice,aqBondsCleanPrice,6
meLWOBondCompoundYield,aqBondsCompoundYield,2
meLWOBondConversionFactor,aqBondsConversionFactor,1
meLWOBondCreate,aqBondsCreate,21
meLWOBondCreateAUDNotionalBond,aqBondsCreateAUDNotionalBond,1
meLWOBondCreateFromGenerator,aqBondsCreateFromGenerator,4
meLWOBondCreateFromGeneratorLVB,aqBondsCreateFromGeneratorLVB,2
meLWOBondCreateFromLVB,aqBondsCreateFromLVB,2
meLWOBondDV01,aqBondsDV01,2
meLWOBondDV01Numerical,aqBondsDV01Numerical,2
meLWOBondDirtyPrice,aqBondsDirtyPrice,6
meLWOBondDisplay,aqBondsDisplay,2
meLWOBondDisplayCashflows,aqBondsDisplayCashflows,7
meLWOBondDisplaySchedule,aqBondsDisplaySchedule,7
meLWOBondFRNDiscountMarginFromPrice,aqBondsFRNDiscountMarginFromPrice,2
meLWOBondFRNPriceFromDiscountMargin,aqBondsFRNPriceFromDiscountMargin,2
meLWOBondFRNPriceFromYield,aqBondsFRNPriceFromYield,2
meLWOBondFRNYieldFromPrice,aqBondsFRNYieldFromPrice,2
meLWOBondForwardPrice,aqBondsForwardPrice,6
meLWOBondForwardReinvestedCoupon,aqBondsForwardReinvestedCoupon,2
meLWOBondFutureOptionGreeks,aqBondsFutureOptionGreeks,2
meLWOBondFutureOptionPV,aqBondsFutureOptionPV,2
meLWOBondFuturePrice,aqBondsFuturePrice,2
meLWOBondGrossBasis,aqBondsGrossBasis,2
meLWOBondLastCouponDate,aqBondsLastCouponDate,2
meLWOBondModifiedDuration,aqBondsModifiedDuration,2
meLWOBondNetBasis,aqBondsNetBasis,2
meLWOBondOisSpread,aqBondsOisSpread,2
meLWOBondOptionCreate,aqOptionsBondOptionCreate,2
meLWOBondOptionDisplay,aqOptionsBondOptionDisplay,2
meLWOBondOptionGreeks,aqOptionsBondOptionGreeks,2
meLWOBondOptionPV,aqOptionsBondOptionPV,2
meLWOBondPrice,aqBondsPrice,19
meLWOBondPriceFromCleanToDirty,aqBondsPriceFromCleanToDirty,2
meLWOBondPriceFromCreditModel,aqBondsPriceFromCreditModel,2
meLWOBondPriceFromDirtyToClean,aqBondsPriceFromDirtyToClean,2
meLWOBondQuote,aqBondsQuote,2
meLWOBondRepoRate,aqBondsRepoRate,2
meLWOBondRepoRateFromFuture,aqBondsRepoRateFromFuture,2
meLWOBondSpreadOIS,aqBondsSpreadOIS,1
meLWOBondYield,aqBondsYield,8
meLWOBondZSpread,aqBondsZSpread,3
meLWOBondZSpreadFromRates,aqBondsZSpreadFromRates,2
meLWOCapFloorCreate,aqOptionsCapFloorCreate,2
meLWOCapFloorDisplay,aqOptionsCapFloorDisplay,2
meLWOCapFloorDisplayCashflowsFromRates,aqOptionsCapFloorDisplayCashflowsFromRates,1
meLWOCapFloorGreeks,aqOptionsCapFloorGreeks,2
meLWOCapFloorGreeksAnalytical,aqOptionsCapFloorGreeksAnalytical,2
meLWOCapFloorGreeksAnalyticalFromRates,aqOptionsCapFloorGreeksAnalyticalFromRates,2
meLWOCapFloorGreeksFromRates,aqOptionsCapFloorGreeksFromRates,2
meLWOCapFloorPV,aqOptionsCapFloorPV,2
meLWOCapFloorPVFromRate,aqOptionsCapFloorPVFromRate,2
meLWOConstantMaturitySwapPVFromConvexity,aqSwapsConstantMaturitySwapPVFromConvexity,2
meLWOConstantMaturitySwapParRateFromConvexity,aqSwapsConstantMaturitySwapParRateFromConvexity,2
meLWOCredit,aqCredit,11
meLWOCreditDefaultSwapCS01,aqCreditDefaultSwapCS01,2
meLWOCreditDefaultSwapPV,aqCreditDefaultSwapPV,6
meLWOCreditDefaultSwapPVByIntegration,aqCreditDefaultSwapPVByIntegration,2
meLWOCreditDefaultSwapPVByMonteCarlo,aqCreditDefaultSwapPVByMonteCarlo,2
meLWOCreditDefaultSwapPVFromHazardRate,aqCreditDefaultSwapPVFromHazardRate,2
meLWOCreditDefaultSwapParSpread,aqCreditDefaultSwapParSpread,2
meLWOCreditDefaultSwapRiskyAnnuity,aqCreditDefaultSwapRiskyAnnuity,2
meLWOCreditIndexOptionCS01,aqCreditIndexOptionCS01,2
meLWOCreditIndexOptionImpliedVol,aqCreditIndexOptionImpliedVol,2
meLWOCreditIndexOptionPV,aqCreditIndexOptionPV,2
meLWOCreditIndexOptionTheta,aqCreditIndexOptionTheta,2
meLWOCreditIndexOptionVega,aqCreditIndexOptionVega,2
meLWOCreditModelCreate,aqCreditModelCreate,2
meLWOCreditModelDefaultProbability,aqCreditModelDefaultProbability,2
meLWOCreditModelHazardRate,aqCreditModelHazardRate,2
meLWOCreditModelRiskyDiscountFactor,aqCreditModelRiskyDiscountFactor,2
meLWOCreditModelRiskyDiscountFactors,aqCreditModelRiskyDiscountFactors,2
meLWOCreditModelSurvivalProbability,aqCreditModelSurvivalProbability,2
meLWOCreditOptionPV,aqCreditOptionPV,3
meLWOCreditOptionPVFromForward,aqCreditOptionPVFromForward,1
meLWOCreditSpread,aqCreditSpread,3
meLWOCurve,aqCurves,8
meLWOCurveCalibrate,aqCurvesCalibrate,2
meLWOCurveCalibrateHedge,aqCurvesCalibrateHedge,2
meLWOCurveCreateBasis,aqCurvesCreateBasis,2
meLWOCurveCreateFXForwards,aqCurvesCreateFXForwards,2
meLWOCurveCreateOIS,aqCurvesCreateOIS,2
meLWOCurveCreateSwap,aqCurvesCreateSwap,2
meLWOCurveDiscountFactors,aqCurvesDiscountFactors,1
meLWOCurveDiscountFactorsTable,aqCurvesDiscountFactorsTable,2
meLWOCurveDiscountFactorsWithSpread,aqCurvesDiscountFactorsWithSpread,2
meLWOCurveDisplay,aqCurvesDisplay,6
meLWOCurveDisplayMarketDataFromCurve,aqCurvesDisplayMarketDataFromCurve,2
meLWOCurveForwardRates,aqCurvesForwardRates,2
meLWOCurveForwardRatesFromYearFraction,aqCurvesForwardRatesFromYearFraction,1
meLWOCurveForwardRatesTable,aqCurvesForwardRatesTable,2
meLWOCurveMarketDataCreate,aqCurvesMarketDataCreate,2
meLWOCurveMarketDataCreateUsingMultipleBlocks,aqCurvesMarketDataCreateUsingMultipleBlocks,2
meLWOCurveMarketDataDisplay,aqCurvesMarketDataDisplay,4
meLWOCurveMarketDataDisplayFromCurve,aqCurvesMarketDataDisplayFromCurve,2
meLWOFXAsofDateToSpot,aqCurvesFXAsofDateToSpot,2
meLWOFXCurveCreate,aqCurvesFXCurveCreate,2
meLWOFXForwardsFromXccyCurve,aqCurvesFXForwardsFromXccyCurve,2
meLWOFXForwardsFromXccyCurveObject,aqCurvesFXForwardsFromXccyCurveObject,2
meLWOFXSpotToAsofDate,aqCurvesFXSpotToAsofDate,2
meLWOFXSwap,aqCurvesFXSwap,2
meLWOFXSwapFromDiscountCurves,aqCurvesFXSwapFromDiscountCurves,2
meLWOFXSwapFromXccyCurve,aqCurvesFXSwapFromXccyCurve,4
meLWOFeeScheduleCreate,aqSwapsFeeScheduleCreate,2
meLWOFixingTableCreate,aqRatesFixingTableCreate,2
meLWOFixingTableDisplay,aqRatesFixingTableDisplay,2
meLWOFixingTableValue,aqRatesFixingTableValue,2
meLWOFixingTableValues,aqRatesFixingTableValues,2
meLWOFraCreate,aqRatesFraCreate,2
meLWOFraDisplay,aqRatesFraDisplay,2
meLWOFraDisplayCashflows,aqRatesFraDisplayCashflows,2
meLWOFraPV,aqRatesFraPV,2
meLWOFraRate,aqRatesFraRate,2
meLWOFraToFuturePrice,aqRatesFraToFuturePrice,2
meLWOFraToFuturePriceFromConvAdj,aqRatesFraToFuturePriceFromConvAdj,2
meLWOGridDisplay,aqToolsGridDisplay,2
meLWOGrids,aqToolsGrids,9
meLWOInflationCPI,aqCurvesInflationCPI,3
meLWOInflationZCSwapPV,aqCurvesInflationZCSwapPV,2
meLWOInflationZCSwapPVFromIndex,aqCurvesInflationZCSwapPVFromIndex,1
meLWOInflationZCSwapParRate,aqCurvesInflationZCSwapParRate,2
meLWOInflationZCSwapParRateFromIndex,aqCurvesInflationZCSwapParRateFromIndex,2
meLWOLegCreate,aqSwapsLegCreate,2
meLWOLegCreateFromSchedule,aqSwapsLegCreateFromSchedule,2
meLWOLegDisplay,aqSwapsLegDisplay,2
meLWOLegDisplayCashflows,aqSwapsLegDisplayCashflows,5
meLWOLegPV,aqSwapsLegPV,2
meLWOLoad,aqObjectsLoad,5
meLWOSabrMarketDataCreate,aqVolsSabrMarketDataCreate,2
meLWOSabrMarketDataDisplay,aqVolsSabrMarketDataDisplay,2
meLWOSabrModelCalibrate,aqVolsSabrModelCalibrate,2
meLWOSabrModelDisplay,aqVolsSabrModelDisplay,2
meLWOSabrParameter,aqVolsSabrParameter,2
meLWOSabrVolatility,aqVolsSabrVolatility,2
meLWOSave,aqObjectsSave,6
meLWOScheduleCreate,aqSwapsScheduleCreate,2
meLWOScheduleCreateBespoke,aqSwapsScheduleCreateBespoke,2
meLWOScheduleCreateBespokeFromCashflows,aqSwapsScheduleCreateBespokeFromCashflows,2
meLWOSwapAccruedInterest,aqSwapsAccruedInterest,2
meLWOSwapAddFee,aqSwapsAddFee,2
meLWOSwapAddLeg,aqSwapsAddLeg,4
meLWOSwapAnnuity,aqSwapsAnnuity,4
meLWOSwapCreate,aqSwapsCreate,21
meLWOSwapCreateFromGenerator,aqSwapsCreateFromGenerator,6
meLWOSwapCreateFromLegLVBs,aqSwapsCreateFromLegLVBs,2
meLWOSwapCreateFromLegs,aqSwapsCreateFromLegs,3
meLWOSwapCreateFromMutipleLegs,aqSwapsCreateFromMutipleLegs,1
meLWOSwapDDeltaLadder,aqSwapsDDeltaLadder,4
meLWOSwapDisplay,aqSwapsDisplay,2
meLWOSwapDisplayCashflows,aqSwapsDisplayCashflows,4
meLWOSwapGeneratorCreate,aqSwapsGeneratorCreate,2
meLWOSwapGeneratorDisplay,aqSwapsGeneratorDisplay,2
meLWOSwapPV,aqSwapsPV,5
meLWOSwapPV01,aqSwapsPV01,4
meLWOSwapPVs,aqSwapsPVs,2
meLWOSwapParRate,aqSwapsParRate,6
meLWOSwapParSpread,aqSwapsParSpread,4
meLWOSwapPrice,aqSwapsPrice,13
meLWOSwapSpotDate,aqSwapsSpotDate,2
meLWOSwapSpread,aqSwapsSpread,4
meLWOSwapUSDSpotDate,aqSwapsUSDSpotDate,2
meLWOSwaptionCreate,aqOptionsSwaptionCreate,2
meLWOSwaptionDelta,aqOptionsSwaptionDelta,2
meLWOSwaptionDisplay,aqOptionsSwaptionDisplay,2
meLWOSwaptionGamma,aqOptionsSwaptionGamma,2
meLWOSwaptionImplivedVol,aqOptionsSwaptionImplivedVol,2
meLWOSwaptionPV,aqOptionsSwaptionPV,2
meLWOSwaptionTheta,aqOptionsSwaptionTheta,2
meLWOSwaptionVega,aqOptionsSwaptionVega,2
meLWOTotalReturnSwapAnnuity,aqSwapsTotalReturnSwapAnnuity,2
meLWOTotalReturnSwapPV,aqSwapsTotalReturnSwapPV,13
meLWOTotalReturnSwapParRate,aqSwapsTotalReturnSwapParRate,5
meLWOTotalReturnSwapParSpread,aqSwapsTotalReturnSwapParSpread,5
meLWOVolatilityCreate,aqVolsCreate,2
tryMeLWO,tryAqObjects,47
tryMeLWOAssetSwap,tryAqSwapsAssetSwap,4
tryMeLWOAssetSwapFixedEqvCoupon,tryAqSwapsAssetSwapFixedEqvCoupon,7
tryMeLWOAssetSwapSpread,tryAqSwapsAssetSwapSpread,18
tryMeLWOAssetSwapSpreadFromFixedEqvCoupon,tryAqSwapsAssetSwapSpreadFromFixedEqvCoupon,7
tryMeLWOAssetSwapSpreadFromPrice,tryAqSwapsAssetSwapSpreadFromPrice,7
tryMeLWOAssetSwapSpreadToCleanPrice,tryAqSwapsAssetSwapSpreadToCleanPrice,6
tryMeLWOBond,tryAqBonds,20
tryMeLWOBondAccruedInterest,tryAqBondsAccruedInterest,10
tryMeLWOBondAccruedInterestDays,tryAqBondsAccruedInterestDays,7
tryMeLWOBondBPVPerTick,tryAqBondsBPVPerTick,4
tryMeLWOBondCheapestToDeliver,tryAqBondsCheapestToDeliver,3
tryMeLWOBondCheapestToDeliverByNetBasis,tryAqBondsCheapestToDeliverByNetBasis,3
tryMeLWOBondCleanPrice,tryAqBondsCleanPrice,34
tryMeLWOBondCompoundYields,tryAqBondsCompoundYields,26
tryMeLWOBondConversionFactor,tryAqBondsConversionFactor,3
tryMeLWOBondConversionFactors,tryAqBondsConversionFactors,1
tryMeLWOBondCreate,tryAqBondsCreate,3
tryMeLWOBondCreateAUDNotionalBond,tryAqBondsCreateAUDNotionalBond,3
tryMeLWOBondCreateFromGenerator,tryAqBondsCreateFromGenerator,11
tryMeLWOBondCreateFromLVB,tryAqBondsCreateFromLVB,2
tryMeLWOBondDV01,tryAqBondsDV01,8
tryMeLWOBondDV01Numerical,tryAqBondsDV01Numerical,3
tryMeLWOBondDirtyPrice,tryAqBondsDirtyPrice,9
tryMeLWOBondDisplay,tryAqBondsDisplay,2
tryMeLWOBondDisplayCashflows,tryAqBondsDisplayCashflows,3
tryMeLWOBondDisplaySchedule,tryAqBondsDisplaySchedule,3
tryMeLWOBondFRNDiscountMarginFromPrice,tryAqBondsFRNDiscountMarginFromPrice,3
tryMeLWOBondFRNPriceFromDiscountMargin,tryAqBondsFRNPriceFromDiscountMargin,4
tryMeLWOBondFRNPriceFromYield,tryAqBondsFRNPriceFromYield,4
tryMeLWOBondFRNYieldFromPrice,tryAqBondsFRNYieldFromPrice,3
tryMeLWOBondForwardPrice,tryAqBondsForwardPrice,4
tryMeLWOBondForwardReinvestedCoupon,tryAqBondsForwardReinvestedCoupon,2
tryMeLWOBondFutureOptionGreeks,tryAqBondsFutureOptionGreeks,2
tryMeLWOBondFutureOptionPV,tryAqBondsFutureOptionPV,2
tryMeLWOBondFuturePrice,tryAqBondsFuturePrice,3
tryMeLWOBondGeneratorCreate,tryAqBondsGeneratorCreate,4
tryMeLWOBondGeneratorDisplay,tryAqBondsGeneratorDisplay,2
tryMeLWOBondGrossBasis,tryAqBondsGrossBasis,3
tryMeLWOBondLastCouponDate,tryAqBondsLastCouponDate,2
tryMeLWOBondModifiedDuration,tryAqBondsModifiedDuration,3
tryMeLWOBondNetBasis,tryAqBondsNetBasis,3
tryMeLWOBondOisSpread,tryAqBondsOisSpread,5
tryMeLWOBondOption,tryAqOptionsBondOption,1
tryMeLWOBondOptionCreate,tryAqOptionsBondOptionCreate,2
tryMeLWOBondOptionDisplay,tryAqOptionsBondOptionDisplay,2
tryMeLWOBondOptionGreeks,tryAqOptionsBondOptionGreeks,2
tryMeLWOBondOptionPV,tryAqOptionsBondOptionPV,2
tryMeLWOBondPrice,tryAqBondsPrice,9
tryMeLWOBondPriceFromBondCurve,tryAqBondsPriceFromBondCurve,4
tryMeLWOBondPriceFromCleanToDirty,tryAqBondsPriceFromCleanToDirty,2
tryMeLWOBondPriceFromCreditModel,tryAqBondsPriceFromCreditModel,2
tryMeLWOBondPriceFromDirtyToClean,tryAqBondsPriceFromDirtyToClean,2
tryMeLWOBondQuote,tryAqBondsQuote,2
tryMeLWOBondRepoRate,tryAqBondsRepoRate,3
tryMeLWOBondRepoRateFromFuture,tryAqBondsRepoRateFromFuture,3
tryMeLWOBondSpreadOIS,tryAqBondsSpreadOIS,1
tryMeLWOBondYield,tryAqBondsYield,35
tryMeLWOBondYieldFromBondCurve,tryAqBondsYieldFromBondCurve,3
tryMeLWOBondYieldFromObject,tryAqBondsYieldFromObject,3
tryMeLWOBondYieldOptimized,tryAqBondsYieldOptimized,3
tryMeLWOBondZSpread,tryAqBondsZSpread,11
tryMeLWOBondZSpreadFromRates,tryAqBondsZSpreadFromRates,2
tryMeLWOBondZSpreads,tryAqBondsZSpreads,2
tryMeLWOCapFloor,tryAqOptionsCapFloor,1
tryMeLWOCapFloorCreate,tryAqOptionsCapFloorCreate,2
tryMeLWOCapFloorDisplay,tryAqOptionsCapFloorDisplay,2
tryMeLWOCapFloorDisplayCashflows,tryAqOptionsCapFloorDisplayCashflows,2
tryMeLWOCapFloorDisplayCashflowsFromRates,tryAqOptionsCapFloorDisplayCashflowsFromRates,2
tryMeLWOCapFloorGreeks,tryAqOptionsCapFloorGreeks,2
tryMeLWOCapFloorGreeksAnalytical,tryAqOptionsCapFloorGreeksAnalytical,2
tryMeLWOCapFloorGreeksAnalyticalFromRates,tryAqOptionsCapFloorGreeksAnalyticalFromRates,2
tryMeLWOCapFloorGreeksFromRates,tryAqOptionsCapFloorGreeksFromRates,2
tryMeLWOCapFloorPV,tryAqOptionsCapFloorPV,2
tryMeLWOCapFloorPVFromRates,tryAqOptionsCapFloorPVFromRates,2
tryMeLWOConstantMaturitySwapPVUsingConvexityAdjustment,tryAqSwapsConstantMaturitySwapPVUsingConvexityAdjustment,3
tryMeLWOConstantMaturitySwapParRateUsingConvexityAdjustment,tryAqSwapsConstantMaturitySwapParRateUsingConvexityAdjustment,3
tryMeLWOCreateRange,tryAqObjectsCreateRange,2
tryMeLWOCreditBasketModelCreate,tryAqCreditBasketModelCreate,4
tryMeLWOCreditBasketModelSurvivalProbability,tryAqCreditBasketModelSurvivalProbability,3
tryMeLWOCreditDefaultSwapAccruedYearFraction,tryAqCreditDefaultSwapAccruedYearFraction,2
tryMeLWOCreditDefaultSwapCS01,tryAqCreditDefaultSwapCS01,4
tryMeLWOCreditDefaultSwapHazardRateFromParSpread,tryAqCreditDefaultSwapHazardRateFromParSpread,5
tryMeLWOCreditDefaultSwapPV,tryAqCreditDefaultSwapPV,6
tryMeLWOCreditDefaultSwapPVByIntegration,tryAqCreditDefaultSwapPVByIntegration,3
tryMeLWOCreditDefaultSwapPVByMonteCarlo,tryAqCreditDefaultSwapPVByMonteCarlo,4
tryMeLWOCreditDefaultSwapPVFromHazardRate,tryAqCreditDefaultSwapPVFromHazardRate,3
tryMeLWOCreditDefaultSwapParSpread,tryAqCreditDefaultSwapParSpread,4
tryMeLWOCreditDefaultSwapParSpreadFromHazardRate,tryAqCreditDefaultSwapParSpreadFromHazardRate,3
tryMeLWOCreditDefaultSwapRiskyAnnuity,tryAqCreditDefaultSwapRiskyAnnuity,4
tryMeLWOCreditDefaultSwapRiskyAnnuityFromHazardRate,tryAqCreditDefaultSwapRiskyAnnuityFromHazardRate,3
tryMeLWOCreditIndexOptionCS01,tryAqCreditIndexOptionCS01,3
tryMeLWOCreditIndexOptionImpliedVol,tryAqCreditIndexOptionImpliedVol,3
tryMeLWOCreditIndexOptionPV,tryAqCreditIndexOptionPV,3
tryMeLWOCreditIndexOptionTheta,tryAqCreditIndexOptionTheta,3
tryMeLWOCreditIndexOptionVega,tryAqCreditIndexOptionVega,3
tryMeLWOCreditIndexSpread,tryAqCreditIndexSpread,3
tryMeLWOCreditModelAsOfDate,tryAqCreditModelAsOfDate,3
tryMeLWOCreditModelCalibrationParameters,tryAqCreditModelCalibrationParameters,5
tryMeLWOCreditModelCreate,tryAqCreditModelCreate,8
tryMeLWOCreditModelDefaultProbability,tryAqCreditModelDefaultProbability,6
tryMeLWOCreditModelHazardRate,tryAqCreditModelHazardRate,4
tryMeLWOCreditModelImpliedSurvivalDate,tryAqCreditModelImpliedSurvivalDate,3
tryMeLWOCreditModelRiskyDiscountFactors,tryAqCreditModelRiskyDiscountFactors,4
tryMeLWOCreditModelSurvivalProbability,tryAqCreditModelSurvivalProbability,8
tryMeLWOCreditOptionImpliedVol,tryAqCreditOptionImpliedVol,2
tryMeLWOCreditOptionImpliedVolFromForward,tryAqCreditOptionImpliedVolFromForward,2
tryMeLWOCreditOptionPV,tryAqCreditOptionPV,2
tryMeLWOCreditOptionPVFromForward,tryAqCreditOptionPVFromForward,2
tryMeLWOCreditSpread,tryAqCreditSpread,2
tryMeLWOCurveBumpAll,tryAqCurvesBumpAll,2
tryMeLWOCurveBumpInstrument,tryAqCurvesBumpInstrument,2
tryMeLWOCurveCalibrate,tryAqCurvesCalibrate,21
tryMeLWOCurveCalibrateHedge,tryAqCurvesCalibrateHedge,5
tryMeLWOCurveCalibration,tryAqCurvesCalibration,8
tryMeLWOCurveCreateBasis,tryAqCurvesCreateBasis,4
tryMeLWOCurveCreateFXForwards,tryAqCurvesCreateFXForwards,3
tryMeLWOCurveCreateOIS,tryAqCurvesCreateOIS,3
tryMeLWOCurveCreateSwap,tryAqCurvesCreateSwap,3
tryMeLWOCurveData,tryAqCurvesData,1
tryMeLWOCurveDataCreate,tryAqCurvesDataCreate,3
tryMeLWOCurveDataDisplay,tryAqCurvesDataDisplay,3
tryMeLWOCurveDelete,tryAqCurvesDelete,2
tryMeLWOCurveDeleteAll,tryAqCurvesDeleteAll,2
tryMeLWOCurveDiscountFactor,tryAqCurvesDiscountFactor,3
tryMeLWOCurveDiscountFactors,tryAqCurvesDiscountFactors,3
tryMeLWOCurveDiscountFactorsForwardStarting,tryAqCurvesDiscountFactorsForwardStarting,5
tryMeLWOCurveDiscountFactorsForwardStartingFromTenor,tryAqCurvesDiscountFactorsForwardStartingFromTenor,3
tryMeLWOCurveDiscountFactorsForwardStartingFromTenor_inputs_,tryAqCurvesDiscountFactorsForwardStartingFromTenor_inputs_,2
tryMeLWOCurveDiscountFactorsForwardStartingFromTenor_outputs_,tryAqCurvesDiscountFactorsForwardStartingFromTenor_outputs_,2
tryMeLWOCurveDiscountFactorsForwardStartingFromTenors,tryAqCurvesDiscountFactorsForwardStartingFromTenors,2
tryMeLWOCurveDiscountFactorsForwardStartingFromYearFractions,tryAqCurvesDiscountFactorsForwardStartingFromYearFractions,5
tryMeLWOCurveDiscountFactorsForwardStartingFromYearFractions_inputs_,tryAqCurvesDiscountFactorsForwardStartingFromYearFractions_inputs_,2
tryMeLWOCurveDiscountFactorsForwardStarting_inputs_,tryAqCurvesDiscountFactorsForwardStarting_inputs_,2
tryMeLWOCurveDiscountFactorsForwardStarting_outputs_,tryAqCurvesDiscountFactorsForwardStarting_outputs_,2
tryMeLWOCurveDiscountFactorsFromTenors,tryAqCurvesDiscountFactorsFromTenors,5
tryMeLWOCurveDiscountFactorsFromTenors_inputs_,tryAqCurvesDiscountFactorsFromTenors_inputs_,2
tryMeLWOCurveDiscountFactorsFromTenors_outputs_,tryAqCurvesDiscountFactorsFromTenors_outputs_,2
tryMeLWOCurveDiscountFactorsFromYearFractions,tryAqCurvesDiscountFactorsFromYearFractions,5
tryMeLWOCurveDiscountFactorsFromYearFractions_inputs_,tryAqCurvesDiscountFactorsFromYearFractions_inputs_,2
tryMeLWOCurveDiscountFactorsFromYearFractions_outputs_,tryAqCurvesDiscountFactorsFromYearFractions_outputs_,2
tryMeLWOCurveDiscountFactorsTable,tryAqCurvesDiscountFactorsTable,2
tryMeLWOCurveDiscountFactorsWithSpread,tryAqCurvesDiscountFactorsWithSpread,4
tryMeLWOCurveDiscountFactors_inputs_,tryAqCurvesDiscountFactors_inputs_,1
tryMeLWOCurveDiscountFactors_outputs_,tryAqCurvesDiscountFactors_outputs_,1
tryMeLWOCurveDisplay,tryAqCurvesDisplay,7
tryMeLWOCurveDisplayConventions,tryAqCurvesDisplayConventions,2
tryMeLWOCurveDualBootstrap,tryAqCurvesDualBootstrap,7
tryMeLWOCurveEngineCalibrate,tryAqCurvesEngineCalibrate,9
tryMeLWOCurveEngineJacobianDisplay,tryAqCurvesEngineJacobianDisplay,2
tryMeLWOCurveForwardRate,tryAqCurvesForwardRate,1
tryMeLWOCurveForwardRates,tryAqCurvesForwardRates,3
tryMeLWOCurveForwardRatesFromForwardDates,tryAqCurvesForwardRatesFromForwardDates,4
tryMeLWOCurveForwardRatesFromForwardDates_inputs_,tryAqCurvesForwardRatesFromForwardDates_inputs_,1
tryMeLWOCurveForwardRatesFromForwardDates_outputs_,tryAqCurvesForwardRatesFromForwardDates_outputs_,2
tryMeLWOCurveForwardRatesFromYearFraction,tryAqCurvesForwardRatesFromYearFraction,3
tryMeLWOCurveForwardRatesFromYearFraction_inputs_,tryAqCurvesForwardRatesFromYearFraction_inputs_,1
tryMeLWOCurveForwardRatesFromYearFraction_outputs_,tryAqCurvesForwardRatesFromYearFraction_outputs_,1
tryMeLWOCurveForwardRatesTable,tryAqCurvesForwardRatesTable,4
tryMeLWOCurveForwardRates_inputs_,tryAqCurvesForwardRates_inputs_,1
tryMeLWOCurveGenerator,tryAqCurvesGenerator,3
tryMeLWOCurveGeneratorCreate,tryAqCurvesGeneratorCreate,3
tryMeLWOCurveGeneratorDisplay,tryAqCurvesGeneratorDisplay,2
tryMeLWOCurveGeneratorModify,tryAqCurvesGeneratorModify,4
tryMeLWOCurveJacobianDisplay,tryAqCurvesJacobianDisplay,3
tryMeLWOCurveList,tryAqCurvesList,2
tryMeLWOCurveLoad,tryAqCurvesLoad,2
tryMeLWOCurveMarketData,tryAqCurvesMarketData,17
tryMeLWOCurveMarketDataBumpAll,tryAqCurvesMarketDataBumpAll,8
tryMeLWOCurveMarketDataBumpClear,tryAqCurvesMarketDataBumpClear,2
tryMeLWOCurveMarketDataBumpInstrument,tryAqCurvesMarketDataBumpInstrument,2
tryMeLWOCurveMarketDataColumn,tryAqCurvesMarketDataColumn,11
tryMeLWOCurveMarketDataCreate,tryAqCurvesMarketDataCreate,18
tryMeLWOCurveMarketDataDisplay,tryAqCurvesMarketDataDisplay,44
tryMeLWOCurveMarketDataDisplayFromCurve,tryAqCurvesMarketDataDisplayFromCurve,3
tryMeLWOCurveSave,tryAqCurvesSave,2
tryMeLWOCurveUtilities,tryAqCurvesUtilities,1
tryMeLWODelete,tryAqObjectsDelete,2
tryMeLWODeleteAll,tryAqObjectsDeleteAll,2
tryMeLWOExists,tryAqObjectsExists,2
tryMeLWOFX,tryAqCurvesFX,1
tryMeLWOFXAsOfDateToSpot,tryAqCurvesFXAsOfDateToSpot,2
tryMeLWOFXCurveCreate,tryAqCurvesFXCurveCreate,2
tryMeLWOFXForwards,tryAqCurvesFXForwards,2
tryMeLWOFXForwardsFromDiscountCurves,tryAqCurvesFXForwardsFromDiscountCurves,2
tryMeLWOFXForwardsFromXccyCurve,tryAqCurvesFXForwardsFromXccyCurve,2
tryMeLWOFXForwardsFromXccyCurveObject,tryAqCurvesFXForwardsFromXccyCurveObject,2
tryMeLWOFXSpotToAsOfDate,tryAqCurvesFXSpotToAsOfDate,2
tryMeLWOFXSwap,tryAqCurvesFXSwap,2
tryMeLWOFXSwapFromDiscountCurves,tryAqCurvesFXSwapFromDiscountCurves,2
tryMeLWOFXSwapFromXccyCurve,tryAqCurvesFXSwapFromXccyCurve,2
tryMeLWOFXSwapFromXccyCurveObject,tryAqCurvesFXSwapFromXccyCurveObject,2
tryMeLWOFeeLegCreate,tryAqSwapsFeeLegCreate,5
tryMeLWOFeeScheduleCreate,tryAqSwapsFeeScheduleCreate,3
tryMeLWOFixingTable,tryAqRatesFixingTable,15
tryMeLWOFixingTableCreate,tryAqRatesFixingTableCreate,15
tryMeLWOFixingTableDisplay,tryAqRatesFixingTableDisplay,4
tryMeLWOFixingTableValue,tryAqRatesFixingTableValue,4
tryMeLWOFixingTableValues,tryAqRatesFixingTableValues,8
tryMeLWOFra,tryAqRatesFra,1
tryMeLWOFraCreate,tryAqRatesFraCreate,2
tryMeLWOFraDisplay,tryAqRatesFraDisplay,2
tryMeLWOFraDisplayCashflows,tryAqRatesFraDisplayCashflows,2
tryMeLWOFraPV,tryAqRatesFraPV,2
tryMeLWOFraRate,tryAqRatesFraRate,2
tryMeLWOFraToFuturePrice,tryAqRatesFraToFuturePrice,2
tryMeLWOFraToFuturePriceFromConvAdj,tryAqRatesFraToFuturePriceFromConvAdj,2
tryMeLWOGrid,tryAqToolsGrid,6
tryMeLWOGridClearAll,tryAqToolsGridClearAll,2
tryMeLWOGridClearOne,tryAqToolsGridClearOne,2
tryMeLWOGridCreate,tryAqToolsGridCreate,3
tryMeLWOGridDisplay,tryAqToolsGridDisplay,3
tryMeLWOGridLoad,tryAqToolsGridLoad,2
tryMeLWOGridObjectNames,tryAqToolsGridObjectNames,2
tryMeLWOGridSave,tryAqToolsGridSave,2
tryMeLWOInflationCPI,tryAqCurvesInflationCPI,3
tryMeLWOInflationCurveCalibrationParameters,tryAqCurvesInflationCurveCalibrationParameters,5
tryMeLWOInflationCurveCreate,tryAqCurvesInflationCurveCreate,3
tryMeLWOInflationPricing,tryAqCurvesInflationPricing,2
tryMeLWOInflationZCSwapPV,tryAqCurvesInflationZCSwapPV,2
tryMeLWOInflationZCSwapPVFromIndex,tryAqCurvesInflationZCSwapPVFromIndex,2
tryMeLWOInflationZCSwapParRate,tryAqCurvesInflationZCSwapParRate,3
tryMeLWOInflationZCSwapParRateFromIndex,tryAqCurvesInflationZCSwapParRateFromIndex,2
tryMeLWOLeg,tryAqSwapsLeg,7
tryMeLWOLegCreate,tryAqSwapsLegCreate,8
tryMeLWOLegCreateFromSchedule,tryAqSwapsLegCreateFromSchedule,5
tryMeLWOLegDisplay,tryAqSwapsLegDisplay,4
tryMeLWOLegDisplayCashflows,tryAqSwapsLegDisplayCashflows,3
tryMeLWOLegPV,tryAqSwapsLegPV,6
tryMeLWOList,tryAqObjectsList,2
tryMeLWOLoad,tryAqObjectsLoad,488
tryMeLWOLoadAndReturnTupleResults,tryAqObjectsLoadAndReturnTupleResults,5
tryMeLWOLoadFromString,tryAqObjectsLoadFromString,2
tryMeLWOMultiGrid,tryAqToolsMultiGrid,1
tryMeLWOMultiGridCreate,tryAqToolsMultiGridCreate,3
tryMeLWOMultiGridDisplay,tryAqToolsMultiGridDisplay,2
tryMeLWOMultiGridSubNames,tryAqToolsMultiGridSubNames,2
tryMeLWOQuickLoad,tryAqObjectsQuickLoad,2
tryMeLWOQuickSave,tryAqObjectsQuickSave,2
tryMeLWOSabrMarketDataCreate,tryAqVolsSabrMarketDataCreate,3
tryMeLWOSabrMarketDataDisplay,tryAqVolsSabrMarketDataDisplay,2
tryMeLWOSabrModelCalibrate,tryAqVolsSabrModelCalibrate,3
tryMeLWOSabrModelDisplay,tryAqVolsSabrModelDisplay,2
tryMeLWOSabrParameter,tryAqVolsSabrParameter,2
tryMeLWOSabrVolatility,tryAqVolsSabrVolatility,2
tryMeLWOSave,tryAqObjectsSave,5
tryMeLWOSchedule,tryAqSwapsSchedule,4
tryMeLWOScheduleCreate,tryAqSwapsScheduleCreate,3
tryMeLWOScheduleCreateBespoke,tryAqSwapsScheduleCreateBespoke,14
tryMeLWOScheduleCreateBespokeFromCashflows,tryAqSwapsScheduleCreateBespokeFromCashflows,4
tryMeLWOScheduleDisplay,tryAqSwapsScheduleDisplay,2
tryMeLWOSwapAccruedInterest,tryAqSwapsAccruedInterest,2
tryMeLWOSwapAddFee,tryAqSwapsAddFee,5
tryMeLWOSwapAddLeg,tryAqSwapsAddLeg,5
tryMeLWOSwapAnnuity,tryAqSwapsAnnuity,3
tryMeLWOSwapCreate,tryAqSwapsCreate,51
tryMeLWOSwapCreateBackToBack,tryAqSwapsCreateBackToBack,3
tryMeLWOSwapCreateFromGenerator,tryAqSwapsCreateFromGenerator,18
tryMeLWOSwapCreateFromLegLVBs,tryAqSwapsCreateFromLegLVBs,28
tryMeLWOSwapCreateFromLegs,tryAqSwapsCreateFromLegs,4
tryMeLWOSwapCreateFromSchedule,tryAqSwapsCreateFromSchedule,7
tryMeLWOSwapCreation,tryAqSwapsCreation,55
tryMeLWOSwapDV01_inputs_,tryAqSwapsDV01_inputs_,1
tryMeLWOSwapDV01_outputs_,tryAqSwapsDV01_outputs_,2
tryMeLWOSwapDV01_outputs_64bit_,tryAqSwapsDV01_outputs_64bit_,2
tryMeLWOSwapDelta,tryAqSwapsDelta,31
tryMeLWOSwapDeltaLadder,tryAqSwapsDeltaLadder,14
tryMeLWOSwapDeltaLadderHorizontally,tryAqSwapsDeltaLadderHorizontally,2
tryMeLWOSwapDeltaLadder_inputs_,tryAqSwapsDeltaLadder_inputs_,1
tryMeLWOSwapDeltaLadder_outputs_,tryAqSwapsDeltaLadder_outputs_,2
tryMeLWOSwapDeltaLadder_outputs_1_64bit,tryAqSwapsDeltaLadder_outputs_1_64bit,2
tryMeLWOSwapDeltaLadder_outputs_2_64bit,tryAqSwapsDeltaLadder_outputs_2_64bit,2
tryMeLWOSwapDeltaLadder_outputs_3_64bit,tryAqSwapsDeltaLadder_outputs_3_64bit,2
tryMeLWOSwapDeltaLadder_outputs_64bit_,tryAqSwapsDeltaLadder_outputs_64bit_,2
tryMeLWOSwapDelta_outputs_irs_64bit,tryAqSwapsDelta_outputs_irs_64bit,2
tryMeLWOSwapDelta_outputs_ois_64bit,tryAqSwapsDelta_outputs_ois_64bit,2
tryMeLWOSwapDelta_outputs_tb_64bit,tryAqSwapsDelta_outputs_tb_64bit,2
tryMeLWOSwapDelta_outputs_xccy_64bit,tryAqSwapsDelta_outputs_xccy_64bit,2
tryMeLWOSwapDisplay,tryAqSwapsDisplay,3
tryMeLWOSwapDisplayCashflows,tryAqSwapsDisplayCashflows,5
tryMeLWOSwapGeneratorCreate,tryAqSwapsGeneratorCreate,7
tryMeLWOSwapGeneratorDisplay,tryAqSwapsGeneratorDisplay,3
tryMeLWOSwapLVBKeys,tryAqSwapsLVBKeys,2
tryMeLWOSwapPV,tryAqSwapsPV,27
tryMeLWOSwapPV01,tryAqSwapsPV01,11
tryMeLWOSwapPVs,tryAqSwapsPVs,2
tryMeLWOSwapParRate,tryAqSwapsParRate,47
tryMeLWOSwapParRate_,tryAqSwapsParRate_,1
tryMeLWOSwapParSpread,tryAqSwapsParSpread,53
tryMeLWOSwapPricing,tryAqSwapsPricing,64
tryMeLWOSwapSpread,tryAqSwapsSpread,21
tryMeLWOSwaption,tryAqOptionsSwaption,2
tryMeLWOSwaptionCreate,tryAqOptionsSwaptionCreate,2
tryMeLWOSwaptionDelta,tryAqOptionsSwaptionDelta,2
tryMeLWOSwaptionDisplay,tryAqOptionsSwaptionDisplay,2
tryMeLWOSwaptionGamma,tryAqOptionsSwaptionGamma,2
tryMeLWOSwaptionImpliedVol,tryAqOptionsSwaptionImpliedVol,2
tryMeLWOSwaptionPV,tryAqOptionsSwaptionPV,9
tryMeLWOSwaptionTheta,tryAqOptionsSwaptionTheta,2
tryMeLWOSwaptionVega,tryAqOptionsSwaptionVega,2
tryMeLWOTotalReturnSwapAnnuity,tryAqSwapsTotalReturnSwapAnnuity,6
tryMeLWOTotalReturnSwapPV,tryAqSwapsTotalReturnSwapPV,11
tryMeLWOTotalReturnSwapParRate,tryAqSwapsTotalReturnSwapParRate,4
tryMeLWOTotalReturnSwapParSpread,tryAqSwapsTotalReturnSwapParSpread,4
tryMeLWOType,tryAqObjectsType,5
tryMeLWOTypeAsString,tryAqObjectsTypeAsString,3
tryMeLWOVolatility,tryAqVols,1
tryMeLWOVolatilityCreate,tryAqVolsCreate,2
tryMeLWOXccySwapSpread,tryAqSwapsXccySwapSpread,1
