old,new,refs,bucket,kind
LAMarketData,AQLMarketData,1200,A_convention,class
LACoreDataService,AQLCoreDataService,689,A_convention,class
LAStaticData,AQLStaticData,269,A_convention,class
MAScenarioParam,AQLScenarioParam,263,A_convention,class
LARiskConfiguration,AQLRiskConfiguration,174,A_convention,class
LAScenarioConfiguration,AQLScenarioConfiguration,146,A_convention,class
MAFileAccessor,AQLFileAccessor,121,A_convention,class
LAScenarioConfigurationManager,AQLScenarioConfigurationManager,121,A_convention,class
MADealUtils,AQLDealUtils,100,A_convention,class
LAObjectConfiguration,AQLObjectConfiguration,82,A_convention,class
LAStaticDataManager,AQLStaticDataManager,80,A_convention,class
LACalibrationParameters,AQLCalibrationParameters,75,A_convention,class
LACoreThread,AQLCoreThread,74,A_convention,class
LARiskConfigurationYieldIRDelta,AQLRiskConfigurationYieldIRDelta,73,A_convention,class
LACalibrationParametersManager,AQLCalibrationParametersManager,73,A_convention,class
LADefinitions,AQLDefinitions,69,A_convention,file
LADealUtils,AQLDealUtils,68,A_convention,file
LACalibratePool,AQLCalibratePool,67,A_convention,class
LARiskConfigurationYieldBasisDelta,AQLRiskConfigurationYieldBasisDelta,66,A_convention,class
MACalibrationFunc,AQLCalibrationFunc,64,A_convention,class
LACalibrateModelIR,AQLCalibrateModelIR,61,A_convention,class
LARiskConfigurationYieldIRShiftVolIRVega,AQLRiskConfigurationYieldIRShiftVolIRVega,56,A_convention,class
LARiskConfigurationVolIRVega,AQLRiskConfigurationVolIRVega,56,A_convention,class
LARiskConfigurationYieldIRShiftFXDelta,AQLRiskConfigurationYieldIRShiftFXDelta,55,A_convention,class
LARiskConfigurationYield,AQLRiskConfigurationYield,55,A_convention,class
LARiskConfigurationYieldIRShiftDelta,AQLRiskConfigurationYieldIRShiftDelta,54,A_convention,class
LACalibrate,AQLCalibrate,54,A_convention,class
LARiskConfigurationYieldIRShiftVolFXVega,AQLRiskConfigurationYieldIRShiftVolFXVega,53,A_convention,class
LARiskConfigurationVolFXVega,AQLRiskConfigurationVolFXVega,50,A_convention,class
LACalibrateModel,AQLCalibrateModel,50,A_convention,class
LARiskConfigurationFXShiftYieldIRDelta,AQLRiskConfigurationFXShiftYieldIRDelta,49,A_convention,class
LARiskConfigurationFXShiftYieldBasisDelta,AQLRiskConfigurationFXShiftYieldBasisDelta,49,A_convention,class
LARiskConfigurationFXDeltaEx1,AQLRiskConfigurationFXDeltaEx1,47,A_convention,class
LARiskConfigurationFXShiftVolFXVega,AQLRiskConfigurationFXShiftVolFXVega,47,A_convention,class
LARiskConfigurationFX,AQLRiskConfigurationFX,47,A_convention,class
LADefinitionsCalibration,AQLDefinitionsCalibration,46,A_convention,file
LARiskConfigurationFXShiftDelta,AQLRiskConfigurationFXShiftDelta,44,A_convention,class
LAMarketDataLMM,AQLMarketDataLMM,44,A_convention,class
LACalibrateModelFX,AQLCalibrateModelFX,43,A_convention,class
LACalibrateModelLMM,AQLCalibrateModelLMM,42,A_convention,class
LARiskConfigurationYieldBasis,AQLRiskConfigurationYieldBasis,42,A_convention,class
LARiskConfigurationYieldDelta,AQLRiskConfigurationYieldDelta,41,A_convention,class
LAMultiSwapPricer,AQLMultiSwapPricer,41,A_convention,class
LAObjectConfigurationManager,AQLObjectConfigurationManager,40,A_convention,class
LARiskConfigurationManager,AQLRiskConfigurationManager,40,A_convention,class
LACalibrateModelSZ,AQLCalibrateModelSZ,40,A_convention,class
LACalibrateModelHW,AQLCalibrateModelHW,39,A_convention,class
LARiskConfigurationVolFXShiftVolFXVega,AQLRiskConfigurationVolFXShiftVolFXVega,39,A_convention,class
LACalibrateModelPtberg,AQLCalibrateModelPtberg,38,A_convention,class
LARiskConfigurationVolParallel,AQLRiskConfigurationVolParallel,37,A_convention,class
LADataInstanceConfigurationPV,AQLDataInstanceConfigurationPV,37,A_convention,class
LAMarketDataHW,AQLMarketDataHW,37,A_convention,class
LACurveSetup,AQLCurveSetup,37,A_convention,class
LAModelConfiguration,AQLModelConfiguration,37,A_convention,class
MAValuePrinter,AQLValuePrinter,36,A_convention,class
LACalibrateVolatilityLMM,AQLCalibrateVolatilityLMM,35,A_convention,class
LACalibrateVolatilityManager,AQLCalibrateVolatilityManager,35,A_convention,class
LARiskConfigurationTheta,AQLRiskConfigurationTheta,34,A_convention,class
LACalibrateVolatility,AQLCalibrateVolatility,33,A_convention,class
LACalibrateVolatilitySZ,AQLCalibrateVolatilitySZ,32,A_convention,class
LARiskConfigurationCorDelta,AQLRiskConfigurationCorDelta,32,A_convention,class
LARiskConfigurationFXDelta,AQLRiskConfigurationFXDelta,32,A_convention,class
LACalibrateModelFXStrangleSolver,AQLCalibrateModelFXStrangleSolver,31,A_convention,class
MALogger,AQLLogger,31,A_convention,class
LAModelSetupBase,AQLModelSetupBase,31,A_convention,class
LADefinitionsRisk,AQLDefinitionsRisk,30,A_convention,file
LACalibrateModelFXVannaVolga,AQLCalibrateModelFXVannaVolga,30,A_convention,class
LACalibrationParametersPtberg,AQLCalibrationParametersPtberg,30,A_convention,class
LARiskConfigurationYieldBasisDeltaOptionAnalytic,AQLRiskConfigurationYieldBasisDeltaOptionAnalytic,29,A_convention,class
LACalibrateVolatilityFXVannaVolga,AQLCalibrateVolatilityFXVannaVolga,29,A_convention,class
LACalibrateModelFXVanilla,AQLCalibrateModelFXVanilla,29,A_convention,class
MALogManager,AQLLogManager,29,A_convention,class
MAMasterRegistManager,AQLMasterRegistManager,29,A_convention,class
LACalibrateModelVolFactor,AQLCalibrateModelVolFactor,29,A_convention,class
LACalibrateVolatilityPtberg,AQLCalibrateVolatilityPtberg,29,A_convention,class
LACalibrateVolatilityHW,AQLCalibrateVolatilityHW,29,A_convention,class
LARiskConfigurationVolatility,AQLRiskConfigurationVolatility,29,A_convention,class
LARiskConfigurationYieldIRDeltaOptionAnalytic,AQLRiskConfigurationYieldIRDeltaOptionAnalytic,29,A_convention,class
LARiskConfigurationVolSwaptionVega,AQLRiskConfigurationVolSwaptionVega,29,A_convention,class
LACalibrateVolatilityIRSABR,AQLCalibrateVolatilityIRSABR,29,A_convention,class
LACalibrateVolatilityFXStrangleSolver,AQLCalibrateVolatilityFXStrangleSolver,29,A_convention,class
LAObjectConfigurationVanilla,AQLObjectConfigurationVanilla,29,A_convention,class
MALoggerImpl,AQLLoggerImpl,28,A_convention,class
LARiskConfigurationCreditSpreadDelta,AQLRiskConfigurationCreditSpreadDelta,27,A_convention,class
LARiskConfigurationVolFXVegaOptionAnalytic,AQLRiskConfigurationVolFXVegaOptionAnalytic,26,A_convention,class
LACalibrateModelIRVanilla,AQLCalibrateModelIRVanilla,26,A_convention,class
LACalibratePtberg,AQLCalibratePtberg,25,A_convention,class
LARiskConfigurationVolCapVega,AQLRiskConfigurationVolCapVega,25,A_convention,class
LARiskConfigurationVolFXATMParallelVega,AQLRiskConfigurationVolFXATMParallelVega,25,A_convention,class
LACalibrationParametersLMM,AQLCalibrationParametersLMM,25,A_convention,class
LARiskConfigurationFXShiftDeltaOptionAnalytic,AQLRiskConfigurationFXShiftDeltaOptionAnalytic,24,A_convention,class
LARiskConfigurationFXDeltaOptionAnalytic,AQLRiskConfigurationFXDeltaOptionAnalytic,24,A_convention,class
MAPtbergUtils,AQLPtbergUtils,24,A_convention,class
LARiskConfigurationYieldIRDeltaGamma,AQLRiskConfigurationYieldIRDeltaGamma,24,A_convention,class
LARiskConfigurationThetaOptionAnalytic,AQLRiskConfigurationThetaOptionAnalytic,24,A_convention,class
LARiskConfigurationVolCreatorLMM,AQLRiskConfigurationVolCreatorLMM,23,A_convention,class
LARiskConfigurationFXDeltaGamma,AQLRiskConfigurationFXDeltaGamma,23,A_convention,class
LACalibrationParametersSZ,AQLCalibrationParametersSZ,22,A_convention,class
LACurveProperties,AQLCurveProperties,22,A_convention,class
LAScenarioConfigurationVolatility,AQLScenarioConfigurationVolatility,21,A_convention,class
LACalibrateSZ,AQLCalibrateSZ,21,A_convention,class
LAScenarioConfigurationYieldCurveBasis,AQLScenarioConfigurationYieldCurveBasis,21,A_convention,class
MAEvent,AQLEvent,20,A_convention,class
LAFileAccessor,AQLFileAccessor,20,A_convention,file
LACalibrateModelPtbergSkew,AQLCalibrateModelPtbergSkew,20,A_convention,class
LADataInstanceConfiguration,AQLDataInstanceConfiguration,20,A_convention,class
LADataInstanceConfigurationRisk,AQLDataInstanceConfigurationRisk,20,A_convention,class
LAScenarioConfigurationYieldCurveMultiParallel,AQLScenarioConfigurationYieldCurveMultiParallel,20,A_convention,class
LACalibrateModelHW3F,AQLCalibrateModelHW3F,20,A_convention,class
LACalibrateModelPtberg3F,AQLCalibrateModelPtberg3F,20,A_convention,class
LAObjectConfigurationLMM,AQLObjectConfigurationLMM,19,A_convention,class
LAModelSetupVanilla,AQLModelSetupVanilla,19,A_convention,class
LAObjectConfigurationHW,AQLObjectConfigurationHW,19,A_convention,class
LACalibrateModelLMMDmy,AQLCalibrateModelLMMDmy,19,A_convention,class
LAScenarioConfigurationYieldCurve,AQLScenarioConfigurationYieldCurve,19,A_convention,class
LACalibrationFunc,AQLCalibrationFunc,19,A_convention,file
MACalibrationThread,AQLCalibrationThread,19,A_convention,class
LACalibrateModelIRSABR,AQLCalibrateModelIRSABR,19,A_convention,class
LACalibrationParametersHW,AQLCalibrationParametersHW,18,A_convention,class
LACalibrateIRSABR,AQLCalibrateIRSABR,18,A_convention,class
LACalibrateLMM,AQLCalibrateLMM,18,A_convention,class
LAScenarioConfigurationYieldCurveZero,AQLScenarioConfigurationYieldCurveZero,18,A_convention,class
LAScenarioConfigurationFX,AQLScenarioConfigurationFX,18,A_convention,class
LACalibrateHW,AQLCalibrateHW,18,A_convention,class
LACalibrationParametersFXVannaVolga,AQLCalibrationParametersFXVannaVolga,18,A_convention,class
LACalibrationUtilities,AQLCalibrationUtilities,17,A_convention,class
LARiskConfigurationYieldIRDeltaAnalytic,AQLRiskConfigurationYieldIRDeltaAnalytic,17,A_convention,class
LAModelSetupHW,AQLModelSetupHW,17,A_convention,class
LACalibrateFXStrangleSolver,AQLCalibrateFXStrangleSolver,17,A_convention,class
LACalibratePtberg3F,AQLCalibratePtberg3F,17,A_convention,class
LARiskConfigurationYieldBasisDeltaAnalytic,AQLRiskConfigurationYieldBasisDeltaAnalytic,17,A_convention,class
LACalibrationParametersFXStrangleSolver,AQLCalibrationParametersFXStrangleSolver,17,A_convention,class
LARiskConfigurationYieldBasisAnalytic,AQLRiskConfigurationYieldBasisAnalytic,17,A_convention,class
LACalibrateFXVannaVolga,AQLCalibrateFXVannaVolga,17,A_convention,class
LARiskConfigurationYieldDeltaAnalytic,AQLRiskConfigurationYieldDeltaAnalytic,17,A_convention,class
LAModelSetupLMM,AQLModelSetupLMM,17,A_convention,class
LACalibrationParametersPtberg3F,AQLCalibrationParametersPtberg3F,16,A_convention,class
LARiskConfigurationVolCreator,AQLRiskConfigurationVolCreator,16,A_convention,class
LACalibrationParametersIRSABR,AQLCalibrationParametersIRSABR,16,A_convention,class
LADefinitionsPtberg,AQLDefinitionsPtberg,14,A_convention,file
LACoreMutex,AQLCoreMutex,14,A_convention,class
LADefinitionsHW,AQLDefinitionsHW,13,A_convention,file
LARiskConfigurationVolCreatorManager,AQLRiskConfigurationVolCreatorManager,13,A_convention,class
LAStaticDataImport,AQLStaticDataImport,12,A_convention,class
MAFileUtils,AQLFileUtils,12,A_convention,class
LAModelSetup,AQLModelSetup,12,A_convention,class
LARiskConfigurationVolCreatorPtberg,AQLRiskConfigurationVolCreatorPtberg,10,A_convention,class
MMATM,AQLATM,10,B_acronym,class
LALogManager,AQLLogManager,9,A_convention,file
LARiskConfigurationIRVega,AQLRiskConfigurationIRVega,9,A_convention,class
LALogger,AQLLogger,9,A_convention,file
LADefinitionsLMM,AQLDefinitionsLMM,8,A_convention,file
MAIndexData,AQLIndexData,8,A_convention,class
MAComp_StrTerm,AQLComp_StrTerm,8,A_convention,class
LADefinitionsIRSABR,AQLDefinitionsIRSABR,7,A_convention,file
MASwapConvention,AQLSwapConvention,7,A_convention,class
LAPtbergUtils,AQLPtbergUtils,5,A_convention,file
LARiskConfigurationYieldIRDeltaMultiParallel,AQLRiskConfigurationYieldIRDeltaMultiParallel,5,A_convention,class
LARiskConfigurationYieldIRDeltaSimple,AQLRiskConfigurationYieldIRDeltaSimple,5,A_convention,class
LAModelManager,AQLModelManager,4,A_convention,file
MACalibCorrelationParam,AQLCalibCorrelationParam,4,A_convention,class
LACalibrateTerminate,AQLCalibrateTerminate,4,A_convention,class
LAEvent,AQLEvent,3,A_convention,file
LADefinitionsSZ,AQLDefinitionsSZ,3,A_convention,file
MACalibrationThread_h,AQLCalibrationThread_h,2,A_convention,macro
LAObjectConfiguration_h,AQLObjectConfiguration_h,2,A_convention,macro
LACalibrateModelLMM_h,AQLCalibrateModelLMM_h,2,A_convention,macro
LARiskConfigurationCorDelta_h,AQLRiskConfigurationCorDelta_h,2,A_convention,macro
LARiskConfigurationYieldIRDeltaOptionAnalytic_h,AQLRiskConfigurationYieldIRDeltaOptionAnalytic_h,2,A_convention,macro
LADefinitionsRisk_h,AQLDefinitionsRisk_h,2,A_convention,macro
LACalibrateVolatilityLMM_h,AQLCalibrateVolatilityLMM_h,2,A_convention,macro
LARiskConfigurationYieldIRShiftVolFXVega_h,AQLRiskConfigurationYieldIRShiftVolFXVega_h,2,A_convention,macro
LAModelSetupLMM_h,AQLModelSetupLMM_h,2,A_convention,macro
LAScenarioConfigurationManager_h,AQLScenarioConfigurationManager_h,2,A_convention,macro
MAEVENT_h,AQLEVENT_h,2,B_acronym,macro
LACalibrateVolatilitySZ_h,AQLCalibrateVolatilitySZ_h,2,A_convention,macro
LADefinitionsIRSABR_h,AQLDefinitionsIRSABR_h,2,A_convention,macro
LARiskConfigurationFXShiftVolFXVega_h,AQLRiskConfigurationFXShiftVolFXVega_h,2,A_convention,macro
LARiskConfigurationYieldBasisDeltaOptionAnalytic_h,AQLRiskConfigurationYieldBasisDeltaOptionAnalytic_h,2,A_convention,macro
LARiskConfigurationYieldDelta_h,AQLRiskConfigurationYieldDelta_h,2,A_convention,macro
MAUSSocketRequestPool,AQLUSSocketRequestPool,2,B_acronym,class
MAPtbergUtils_h,AQLPtbergUtils_h,2,A_convention,macro
LARiskConfigurationVolCapVega_h,AQLRiskConfigurationVolCapVega_h,2,A_convention,macro
LADefinitionsFXVannaVolga_h,AQLDefinitionsFXVannaVolga_h,2,A_convention,macro
LACalibrationParametersSZ_h,AQLCalibrationParametersSZ_h,2,A_convention,macro
LARiskConfigurationVolParallel_h,AQLRiskConfigurationVolParallel_h,2,A_convention,macro
LARiskConfigurationFXShiftYieldBasisDelta_h,AQLRiskConfigurationFXShiftYieldBasisDelta_h,2,A_convention,macro
LACalibrateModelVolFactor_h,AQLCalibrateModelVolFactor_h,2,A_convention,macro
LACalibrationThread,AQLCalibrationThread,2,A_convention,file
LARiskConfigurationYield_h,AQLRiskConfigurationYield_h,2,A_convention,macro
LARiskConfigurationFXDeltaGamma_h,AQLRiskConfigurationFXDeltaGamma_h,2,A_convention,macro
LACalibrateVolatilityPtberg_h,AQLCalibrateVolatilityPtberg_h,2,A_convention,macro
LARiskConfigurationYieldBasisDeltaAnalytic_h,AQLRiskConfigurationYieldBasisDeltaAnalytic_h,2,A_convention,macro
LARiskConfigurationYieldDeltaAnalytic_h,AQLRiskConfigurationYieldDeltaAnalytic_h,2,A_convention,macro
LAModelConfiguration_h,AQLModelConfiguration_h,2,A_convention,macro
LACalibrateModelFXStrangleSolver_h,AQLCalibrateModelFXStrangleSolver_h,2,A_convention,macro
LADataInstanceConfigurationPV_h,AQLDataInstanceConfigurationPV_h,2,A_convention,macro
LACalibrateModelIR_h,AQLCalibrateModelIR_h,2,A_convention,macro
LACalibrateVolatilityFXVannaVolga_h,AQLCalibrateVolatilityFXVannaVolga_h,2,A_convention,macro
LACalibrateModelFXVanilla_h,AQLCalibrateModelFXVanilla_h,2,A_convention,macro
LARiskConfiguration_h,AQLRiskConfiguration_h,2,A_convention,macro
LARiskConfigurationThetaOptionAnalytic_h,AQLRiskConfigurationThetaOptionAnalytic_h,2,A_convention,macro
LACalibrationParametersIRSABR_h,AQLCalibrationParametersIRSABR_h,2,A_convention,macro
LADefinitionsSZ_h,AQLDefinitionsSZ_h,2,A_convention,macro
LACalibrateVolatilityHW_h,AQLCalibrateVolatilityHW_h,2,A_convention,macro
LADefinitionsFXVannaVolga,AQLDefinitionsFXVannaVolga,2,A_convention,file
LAModelSetupVanilla_h,AQLModelSetupVanilla_h,2,A_convention,macro
LARiskConfigurationYieldIRShiftFXDelta_h,AQLRiskConfigurationYieldIRShiftFXDelta_h,2,A_convention,macro
LAScenarioConfigurationYieldCurveBasis_h,AQLScenarioConfigurationYieldCurveBasis_h,2,A_convention,macro
LAScenarioConfiguration_h,AQLScenarioConfiguration_h,2,A_convention,macro
LARiskConfigurationFXShiftDelta_h,AQLRiskConfigurationFXShiftDelta_h,2,A_convention,macro
LAModelSetupHW_h,AQLModelSetupHW_h,2,A_convention,macro
LA_CURVE_SETUP_H,AQL_CURVE_SETUP_H,2,C_underscore,macro
LAModelSetup_h,AQLModelSetup_h,2,A_convention,macro
LARiskConfigurationFXDeltaOptionAnalytic_h,AQLRiskConfigurationFXDeltaOptionAnalytic_h,2,A_convention,macro
LACalibrateModelIRVanilla_h,AQLCalibrateModelIRVanilla_h,2,A_convention,macro
LACalibrateModelLMMDmy_h,AQLCalibrateModelLMMDmy_h,2,A_convention,macro
LARiskConfigurationVolIRVega_h,AQLRiskConfigurationVolIRVega_h,2,A_convention,macro
LADefinitionsCalibration_h,AQLDefinitionsCalibration_h,2,A_convention,macro
LACalibratePool_h,AQLCalibratePool_h,2,A_convention,macro
LAScenarioConfigurationYieldCurveMultiPara_h,AQLScenarioConfigurationYieldCurveMultiPara_h,2,A_convention,macro
LAMultiSwapPricer_h,AQLMultiSwapPricer_h,2,A_convention,macro
LARiskConfigurationYieldIRShiftDelta_h,AQLRiskConfigurationYieldIRShiftDelta_h,2,A_convention,macro
LACalibrateVolatilityFXStrangleSolver_h,AQLCalibrateVolatilityFXStrangleSolver_h,2,A_convention,macro
MAMasterRegistManager_h,AQLMasterRegistManager_h,2,A_convention,macro
MADealUtils_h,AQLDealUtils_h,2,A_convention,macro
LARiskConfigurationVolCreatorManager_h,AQLRiskConfigurationVolCreatorManager_h,2,A_convention,macro
LACalibrateModelHW_h,AQLCalibrateModelHW_h,2,A_convention,macro
LACalibrateModelPtberg3F_h,AQLCalibrateModelPtberg3F_h,2,A_convention,macro
LARiskConfigurationYieldBasis_h,AQLRiskConfigurationYieldBasis_h,2,A_convention,macro
LADataInstanceConfigurationRisk_h,AQLDataInstanceConfigurationRisk_h,2,A_convention,macro
LARiskConfigurationIRVega_h,AQLRiskConfigurationIRVega_h,2,A_convention,macro
LARiskConfigurationFXShiftDeltaOptionAnalytic_h,AQLRiskConfigurationFXShiftDeltaOptionAnalytic_h,2,A_convention,macro
MAFileUtils_h,AQLFileUtils_h,2,A_convention,macro
LA_MODEL_SETUP_H,AQL_MODEL_SETUP_H,2,C_underscore,macro
LACalibrateModel_h,AQLCalibrateModel_h,2,A_convention,macro
LACalibrateModelPtbergSkew_h,AQLCalibrateModelPtbergSkew_h,2,A_convention,macro
LACalibrationParametersFXVannaVolga_h,AQLCalibrationParametersFXVannaVolga_h,2,A_convention,macro
LADefinitionsLMM_h,AQLDefinitionsLMM_h,2,A_convention,macro
LARiskConfigurationVolFXVegaOptionAnalytic_h,AQLRiskConfigurationVolFXVegaOptionAnalytic_h,2,A_convention,macro
LARiskConfigurationFXDelta_h,AQLRiskConfigurationFXDelta_h,2,A_convention,macro
LARiskConfigurationManager_h,AQLRiskConfigurationManager_h,2,A_convention,macro
LACalibrateVolatilityIRSABR_h,AQLCalibrateVolatilityIRSABR_h,2,A_convention,macro
LARiskConfigurationFXShiftYieldIRDelta_h,AQLRiskConfigurationFXShiftYieldIRDelta_h,2,A_convention,macro
MAValuePrinter_h,AQLValuePrinter_h,2,A_convention,macro
LAObjectConfigurationLMM_h,AQLObjectConfigurationLMM_h,2,A_convention,macro
LACalibrateVolatility_h,AQLCalibrateVolatility_h,2,A_convention,macro
LACalibrationParametersPtberg_h,AQLCalibrationParametersPtberg_h,2,A_convention,macro
LADefinitionsPtberg_h,AQLDefinitionsPtberg_h,2,A_convention,macro
LARiskConfigurationVolFXVega_h,AQLRiskConfigurationVolFXVega_h,2,A_convention,macro
LADefinitionsHW_h,AQLDefinitionsHW_h,2,A_convention,macro
LARiskConfigurationYieldIRShiftVolIRVega_h,AQLRiskConfigurationYieldIRShiftVolIRVega_h,2,A_convention,macro
LARiskConfigurationYieldBasisDelta_h,AQLRiskConfigurationYieldBasisDelta_h,2,A_convention,macro
LACalibrationParameters_h,AQLCalibrationParameters_h,2,A_convention,macro
LACalibrationParametersPtberg3F_h,AQLCalibrationParametersPtberg3F_h,2,A_convention,macro
LARiskConfigurationCreditSpreadDelta_h,AQLRiskConfigurationCreditSpreadDelta_h,2,A_convention,macro
LARiskConfigurationVolSwaptionVega_h,AQLRiskConfigurationVolSwaptionVega_h,2,A_convention,macro
LARiskConfigurationVolCreator_h,AQLRiskConfigurationVolCreator_h,2,A_convention,macro
LAObjectConfigurationManager_h,AQLObjectConfigurationManager_h,2,A_convention,macro
LACalibrateModelPtberg_h,AQLCalibrateModelPtberg_h,2,A_convention,macro
LARiskConfigurationVolFXATMParallelVega_h,AQLRiskConfigurationVolFXATMParallelVega_h,2,A_convention,macro
LARiskConfigurationTheta_h,AQLRiskConfigurationTheta_h,2,A_convention,macro
LACalibrateModelIRSABR_h,AQLCalibrateModelIRSABR_h,2,A_convention,macro
LARiskConfigurationFXDeltaEx1_h,AQLRiskConfigurationFXDeltaEx1_h,2,A_convention,macro
LAScenarioConfigurationVolatility_h,AQLScenarioConfigurationVolatility_h,2,A_convention,macro
LACalibrationParametersLMM_h,AQLCalibrationParametersLMM_h,2,A_convention,macro
LACalibrateModelFXVannaVolga_h,AQLCalibrateModelFXVannaVolga_h,2,A_convention,macro
LAScenarioConfigurationYieldCurve_h,AQLScenarioConfigurationYieldCurve_h,2,A_convention,macro
LAScenarioConfigurationYieldCurveZero_h,AQLScenarioConfigurationYieldCurveZero_h,2,A_convention,macro
LACalibrateModelHW3F_h,AQLCalibrateModelHW3F_h,2,A_convention,macro
LARiskConfigurationVolatility_h,AQLRiskConfigurationVolatility_h,2,A_convention,macro
LARiskConfigurationVolCreatorLMM_h,AQLRiskConfigurationVolCreatorLMM_h,2,A_convention,macro
LARiskConfigurationYieldIRDeltaAnalytic_h,AQLRiskConfigurationYieldIRDeltaAnalytic_h,2,A_convention,macro
LARiskConfigurationYieldBasisAnalytic_h,AQLRiskConfigurationYieldBasisAnalytic_h,2,A_convention,macro
LACalibrationParametersFXStrangleSolver_h,AQLCalibrationParametersFXStrangleSolver_h,2,A_convention,macro
LAObjectConfigurationHW_h,AQLObjectConfigurationHW_h,2,A_convention,macro
LAObjectConfigurationVanilla_h,AQLObjectConfigurationVanilla_h,2,A_convention,macro
LADefinitionsFXStrangleSolver_h,AQLDefinitionsFXStrangleSolver_h,2,A_convention,macro
LARiskConfigurationVolFXShiftVolFXVega_h,AQLRiskConfigurationVolFXShiftVolFXVega_h,2,A_convention,macro
LARiskConfigurationVolCreatorPtberg_h,AQLRiskConfigurationVolCreatorPtberg_h,2,A_convention,macro
LADataInstanceConfiguration_h,AQLDataInstanceConfiguration_h,2,A_convention,macro
LAScenarioConfigurationFX_h,AQLScenarioConfigurationFX_h,2,A_convention,macro
LACalibrateVolatilityManager_h,AQLCalibrateVolatilityManager_h,2,A_convention,macro
LARiskConfigurationYieldIRDelta_h,AQLRiskConfigurationYieldIRDelta_h,2,A_convention,macro
LACalibrationParametersHW_h,AQLCalibrationParametersHW_h,2,A_convention,macro
LARiskConfigurationFX_h,AQLRiskConfigurationFX_h,2,A_convention,macro
LAFileUtils,AQLFileUtils,1,A_convention,file
LADefinitionsHazardRate,AQLDefinitionsHazardRate,1,A_convention,file
LACoreGridConfiguation,AQLCoreGridConfiguation,1,A_convention,file
LADefinitionsFXStrangleSolver,AQLDefinitionsFXStrangleSolver,1,A_convention,file
LAValuePrinter,AQLValuePrinter,1,A_convention,file
LACoreGridExceptions,AQLCoreGridExceptions,0,A_convention,file
