old,new,refs,kind,disposition
LAString,AQLString,1038,class,RENAME
LAPriceDataType,AQLPriceDataType,390,class,RENAME
LAFunctionBase,AQLFunctionBase,324,class,RENAME
LACoreInvalidData,AQLCoreInvalidData,306,class,RENAME
LAMath,AQLMath,301,class,RENAME
LADate,AQLDate,287,class,RENAME
LAMatrix,AQLMatrix,215,class,RENAME
LACoreFunctionBase,AQLCoreFunctionBase,150,class,RENAME
LACoreSystemError,AQLCoreSystemError,137,class,RENAME
LAObject,AQLObject,131,class,RENAME
LAObjectHolder,AQLObjectHolder,121,class,RENAME
LADataHolder,AQLDataHolder,119,class,RENAME
LARandBase,AQLRandBase,111,class,RENAME
LACoreNumericalError,AQLCoreNumericalError,89,class,RENAME
LACoreError,AQLCoreError,88,class,RENAME
LAInterpolationBase,AQLInterpolationBase,81,class,RENAME
LAMathCalendar,AQLMathCalendar,71,class,RENAME
LADataInstance,AQLDataInstance,67,class,RENAME
LADateTime,AQLDateTime,62,class,RENAME
LAStringVector,AQLStringVector,60,scope,RENAME
LACombinationMethod,AQLCombinationMethod,58,class,RENAME
LA1DIntegral,AQL1DIntegral,56,class,"LA + digit (1D) - convention id, RENAME"
LACoreFunctionHolder,AQLCoreFunctionHolder,54,class,RENAME
LADataValuation,AQLDataValuation,50,class,RENAME
LAMatrixData,AQLMatrixData,49,class,RENAME
LAPriceDataConvention,AQLPriceDataConvention,48,class,RENAME
LADataProcedure,AQLDataProcedure,46,class,RENAME
LAPriceDataInterpolation,AQLPriceDataInterpolation,43,class,RENAME
LAPriceDataRand,AQLPriceDataRand,43,class,RENAME
LAPriceDataFunction,AQLPriceDataFunction,41,class,RENAME
LAPriceDataFunctions,AQLPriceDataFunctions,41,class,RENAME
LADataString,AQLDataString,40,class,RENAME
LADataStrings,AQLDataStrings,40,class,RENAME
LALinearInterpolation,AQLLinearInterpolation,40,class,RENAME
LAMathObjectValue,AQLMathObjectValue,40,class,RENAME
LAMonotoneSplineInterpolation,AQLMonotoneSplineInterpolation,39,class,RENAME
LAPriceDataCalendar,AQLPriceDataCalendar,39,class,RENAME
LADataDoubleMatrix,AQLDataDoubleMatrix,38,class,RENAME
LASplineInterpolation,AQLSplineInterpolation,38,class,RENAME
LADataBoolMatrix,AQLDataBoolMatrix,37,class,RENAME
LADataStringMatrix,AQLDataStringMatrix,37,class,RENAME
LAMathCalendarData,AQLMathCalendarData,37,class,RENAME
LAConstrainedSplineInterpolation,AQLConstrainedSplineInterpolation,36,class,RENAME
LADataBools,AQLDataBools,36,class,RENAME
LADataDateTimes,AQLDataDateTimes,36,class,RENAME
LADataDates,AQLDataDates,36,class,RENAME
LAMonotoneConvexInterpolation,AQLMonotoneConvexInterpolation,36,class,RENAME
LAPriceDataDayCount,AQLPriceDataDayCount,36,class,RENAME
LADataDate,AQLDataDate,35,class,RENAME
LADataDoubles,AQLDataDoubles,35,class,RENAME
LAObjectMaster,AQLObjectMaster,35,class,RENAME
LADataDateTime,AQLDataDateTime,34,class,RENAME
LADataReference,AQLDataReference,33,class,RENAME
LAIntegralBase,AQLIntegralBase,33,class,RENAME
LADataInts,AQLDataInts,32,class,RENAME
LACoreAutoPtr,AQLCoreAutoPtr,31,class,RENAME
LACoreErrorInfo,AQLCoreErrorInfo,31,class,RENAME
LADataMultiReference,AQLDataMultiReference,31,class,RENAME
LAFunctionUtilities,AQLFunctionUtilities,31,class,RENAME
LAPriceDataManager,AQLPriceDataManager,31,class,RENAME
LADist,AQLDist,30,class,RENAME
LALinearSplineInterpolation,AQLLinearSplineInterpolation,30,class,RENAME
LAObjectPool,AQLObjectPool,30,class,RENAME
LAFTQuasiRandGF,AQLFTQuasiRandGF,30,class,acronym after LA - RENAME
LA1DDataSet,AQL1DDataSet,30,class,"LA + digit (1D) - convention id, RENAME"
LADataDouble,AQLDataDouble,29,class,RENAME
LAFunctionManager,AQLFunctionManager,29,class,RENAME
LADataBool,AQLDataBool,28,class,RENAME
LADataInt,AQLDataInt,28,class,RENAME
LALinearMonotoneSplineInterpolation,AQLLinearMonotoneSplineInterpolation,28,class,RENAME
LAMersenneTwister,AQLMersenneTwister,28,class,RENAME
LAUnivariateDistribution,AQLUnivariateDistribution,28,class,RENAME
LAConstant,AQLConstant,27,class,RENAME
LACoreReferencePool,AQLCoreReferencePool,27,class,RENAME
LACoreValuation,AQLCoreValuation,27,class,RENAME
LASobol,AQLSobol,27,class,RENAME
LACoreProcedure,AQLCoreProcedure,26,class,RENAME
LAFunction,AQLFunction,26,class,RENAME
LAPriceDataSlidingRule,AQLPriceDataSlidingRule,26,class,RENAME
LAStepInterpolation,AQLStepInterpolation,26,class,RENAME
LACompositeMethod,AQLCompositeMethod,25,class,RENAME
LAFactorModel,AQLFactorModel,24,class,RENAME
LAGaussianCopula,AQLGaussianCopula,24,class,RENAME
LAIntegrandMethod,AQLIntegrandMethod,24,class,RENAME
LADayOfWeekEnum,AQLDayOfWeekEnum,23,enum,RENAME
LAShiftMethod,AQLShiftMethod,23,class,RENAME
LAFTQuasiRandGS,AQLFTQuasiRandGS,23,class,acronym after LA - RENAME
LA1DNormDist,AQL1DNormDist,23,class,"LA + digit (1D) - convention id, RENAME"
LAAntithetic,AQLAntithetic,22,class,RENAME
LABrownianBridge,AQLBrownianBridge,22,class,RENAME
LAExpMethod,AQLExpMethod,22,class,RENAME
LAIntegralMC,AQLIntegralMC,22,class,RENAME
LAParabolicInterpolation,AQLParabolicInterpolation,22,class,RENAME
LABoxMuller,AQLBoxMuller,21,class,RENAME
LAStringMatrix,AQLStringMatrix,21,?,RENAME
LAFunctionVector,AQLFunctionVector,19,class,RENAME
LAGaussianQuadrature,AQLGaussianQuadrature,19,class,RENAME
LAProductDistribution,AQLProductDistribution,19,class,RENAME
LA1DPolynomialMethod,AQL1DPolynomialMethod,19,class,"LA + digit (1D) - convention id, RENAME"
LADataProvider,AQLDataProvider,18,class,RENAME
LAMaxMethod,AQLMaxMethod,18,class,RENAME
LAMinMethod,AQLMinMethod,18,class,RENAME
LAOptimumBrent,AQLOptimumBrent,18,class,RENAME
LALinearMethod,AQLLinearMethod,17,class,RENAME
LABivariateDistribution,AQLBivariateDistribution,16,class,RENAME
LAOptimumBFGS,AQLOptimumBFGS,16,class,RENAME
LAOptimumBase,AQLOptimumBase,16,class,RENAME
LARomberg,AQLRomberg,16,class,RENAME
LAStudentTDistribution,AQLStudentTDistribution,16,class,RENAME
LABivariateNormalDistribution,AQLBivariateNormalDistribution,15,class,RENAME
LACoreAppError,AQLCoreAppError,15,class,RENAME
LAFindRootBrent,AQLFindRootBrent,15,class,RENAME
LADivideMethod,AQLDivideMethod,14,class,RENAME
LAEulerIntegral,AQLEulerIntegral,14,class,RENAME
LAGaussLegendre,AQLGaussLegendre,14,class,RENAME
LAMathCalendarCollection,AQLMathCalendarCollection,14,class,RENAME
LAMathCalendarSet,AQLMathCalendarSet,14,class,RENAME
LANormalDistribution,AQLNormalDistribution,14,class,RENAME
LAQuadraticMethod,AQLQuadraticMethod,14,class,RENAME
LAAlgorithm,AQLAlgorithm,13,class,RENAME
LABivariatePowerCopula,AQLBivariatePowerCopula,13,class,RENAME
LAGaussLaguerre,AQLGaussLaguerre,13,class,RENAME
LAPCIntegral,AQLPCIntegral,13,class,acronym after LA - RENAME
LACholeskyDecompSC,AQLCholeskyDecompSC,12,class,RENAME
LACoreAutoPtrRef,AQLCoreAutoPtrRef,12,class,RENAME
LAFindRootBase,AQLFindRootBase,12,class,RENAME
LAGaussHermite,AQLGaussHermite,12,class,RENAME
LAPriceLSTargetFunction,AQLPriceLSTargetFunction,12,class,RENAME
LAPriceTargetFunction,AQLPriceTargetFunction,12,class,RENAME
LACoreErrorLog,AQLCoreErrorLog,11,class,RENAME
LAMathFunction,AQLMathFunction,11,class,RENAME
LABivariateGaussianCopula,AQLBivariateGaussianCopula,10,class,RENAME
LABivariateStudentTCopula,AQLBivariateStudentTCopula,10,class,RENAME
LABivariateStudentTDistribution,AQLBivariateStudentTDistribution,10,class,RENAME
LAFindRootOption,AQLFindRootOption,10,class,RENAME
LAOptimumOption,AQLOptimumOption,10,class,RENAME
LABiNormalIntegrand,AQLBiNormalIntegrand,9,class,RENAME
LABiStudentTIntegrand,AQLBiStudentTIntegrand,9,class,RENAME
LAMathCalendarInfo,AQLMathCalendarInfo,9,class,RENAME
LABivariateCopula,AQLBivariateCopula,8,class,RENAME
LAConstrainedSplineInterpolationDataProvider,AQLConstrainedSplineInterpolationDataProvider,8,class,RENAME
LALinearInterpolationDataProvider,AQLLinearInterpolationDataProvider,8,class,RENAME
LAMonotoneConvexInterpolationDataProvider,AQLMonotoneConvexInterpolationDataProvider,8,class,RENAME
LASplineInterpolationDataProvider,AQLSplineInterpolationDataProvider,8,class,RENAME
LAStepInterpolationDataProvider,AQLStepInterpolationDataProvider,8,class,RENAME
LAParabolicInterpolationDataProvider,AQLParabolicInterpolationDataProvider,7,class,RENAME
LACumulativeDensityFunction,AQLCumulativeDensityFunction,6,class,RENAME
LABivariatePowerGaussianCopula,AQLBivariatePowerGaussianCopula,4,class,RENAME
LABivariatePowerStudentTCopula,AQLBivariatePowerStudentTCopula,4,class,RENAME
LACoreLockControl,AQLCoreLockControl,4,class,RENAME
LAMath_sub,AQLMath_sub,3,class,RENAME
LAAntithetic_h,AQLAntithetic_h,2,macro,RENAME
LABivariateCopula_h,AQLBivariateCopula_h,2,macro,RENAME
LABivariateDistribution_h,AQLBivariateDistribution_h,2,macro,RENAME
LABivariateGaussianCopula_h,AQLBivariateGaussianCopula_h,2,macro,RENAME
LABivariateNormalDistribution_h,AQLBivariateNormalDistribution_h,2,macro,RENAME
LABivariatePowerCopula_h,AQLBivariatePowerCopula_h,2,macro,RENAME
LABivariateStudentTCopula_h,AQLBivariateStudentTCopula_h,2,macro,RENAME
LABivariateStudentTDistribution_h,AQLBivariateStudentTDistribution_h,2,macro,RENAME
LACoreAutoPtr_h,AQLCoreAutoPtr_h,2,macro,RENAME
LACoreFunctionBase_h,AQLCoreFunctionBase_h,2,macro,RENAME
LACoreUtil_h,AQLCoreUtil_h,2,macro,RENAME
LADataInstance_h,AQLDataInstance_h,2,macro,RENAME
LADataMatrix_h,AQLDataMatrix_h,2,macro,RENAME
LADataMultiReference_h,AQLDataMultiReference_h,2,macro,RENAME
LADataVector_h,AQLDataVector_h,2,macro,RENAME
LAFunctionUtilities_h,AQLFunctionUtilities_h,2,macro,RENAME
LAMathCalendarSet_h,AQLMathCalendarSet_h,2,macro,RENAME
LANormalDistribution_h,AQLNormalDistribution_h,2,macro,RENAME
LAProductDistribution_h,AQLProductDistribution_h,2,macro,RENAME
LAStudentTDistribution_h,AQLStudentTDistribution_h,2,macro,RENAME
LAUnivariateDistribution_h,AQLUnivariateDistribution_h,2,macro,RENAME
LASTRING_DOUBLESIZE,AQLSTRING_DOUBLESIZE,2,macro,acronym after LA - RENAME
MAXIMUM,,6,?,SKIP  english-word enum value / algo constant
MANUALINPUT_VOLDATA,,3,?,SKIP  english-word enum value / algo constant
MARGINAL_DEFAULT_PROBABILITY_HEADER,,3,?,SKIP  english-word enum value / algo constant
MARKETDATA_PROPERTIES,,3,?,SKIP  english-word enum value / algo constant
MATRIX,,3,?,SKIP  english-word enum value / algo constant
MATRIX_A,,2,?,SKIP  english-word enum value / algo constant
