kind,current,final
object,aqObjCurvesInflationCPI,aqObjInflationCPI
object,aqObjCurvesInflationZCSwapPV,aqObjInflationZCSwapPV
object,aqObjCurvesInflationZCSwapPVFromIndex,aqObjInflationZCSwapPVFromIndex
object,aqObjCurvesInflationZCSwapParRate,aqObjInflationZCSwapParRate
object,aqObjCurvesInflationZCSwapParRateFromIndex,aqObjInflationZCSwapParRateFromIndex
object,aqObjFXAsofDateToSpot,aqObjFXAsOfDateToSpot
object,aqObjFXSpotToAsofDate,aqObjFXSpotToAsOfDate
object,aqObjOptionsBondFutureOptionGreeks,aqObjBondFutureOptionGreeks
object,aqObjOptionsBondFutureOptionPV,aqObjBondFutureOptionPV
object,aqObjOptionsBondOptionCreate,aqObjBondOptionCreate
object,aqObjOptionsBondOptionDisplay,aqObjBondOptionDisplay
object,aqObjOptionsBondOptionGreeks,aqObjBondOptionGreeks
object,aqObjOptionsBondOptionPV,aqObjBondOptionPV
object,aqObjOptionsCapFloorCreate,aqObjCapFloorCreate
object,aqObjOptionsCapFloorDisplay,aqObjCapFloorDisplay
object,aqObjOptionsCapFloorDisplayCashflowsFromRates,aqObjCapFloorDisplayCashflowsFromRates
object,aqObjOptionsCapFloorGreeks,aqObjCapFloorGreeks
object,aqObjOptionsCapFloorGreeksAnalytical,aqObjCapFloorGreeksAnalytical
object,aqObjOptionsCapFloorGreeksAnalyticalFromRates,aqObjCapFloorGreeksAnalyticalFromRates
object,aqObjOptionsCapFloorGreeksFromRates,aqObjCapFloorGreeksFromRates
object,aqObjOptionsCapFloorPV,aqObjCapFloorPV
object,aqObjOptionsCapFloorPVFromRate,aqObjCapFloorPVFromRate
object,aqObjOptionsSwaptionCreate,aqObjSwaptionCreate
object,aqObjOptionsSwaptionDelta,aqObjSwaptionDelta
object,aqObjOptionsSwaptionDisplay,aqObjSwaptionDisplay
object,aqObjOptionsSwaptionGamma,aqObjSwaptionGamma
object,aqObjOptionsSwaptionImplivedVol,aqObjSwaptionImpliedVol
object,aqObjOptionsSwaptionPV,aqObjSwaptionPV
object,aqObjOptionsSwaptionTheta,aqObjSwaptionTheta
object,aqObjOptionsSwaptionVega,aqObjSwaptionVega
object,aqObjSwapsAssetSwapCleanPrice,aqObjAssetSwapCleanPrice
object,aqObjSwapsAssetSwapFixedEqvCoupon,aqObjAssetSwapFixedEqvCoupon
object,aqObjSwapsAssetSwapParParFromCleanPrice,aqObjAssetSwapParParFromCleanPrice
object,aqObjSwapsAssetSwapSpread,aqObjAssetSwapSpread
object,aqObjSwapsAssetSwapSpreadFromFixedEqvCoupon,aqObjAssetSwapSpreadFromFixedEqvCoupon
object,aqObjSwapsAssetSwapSpreadToCleanPrice,aqObjAssetSwapSpreadToCleanPrice
object,aqObjSwapsConstantMaturitySwapPVFromConvexity,aqObjConstantMaturitySwapPVFromConvexity
object,aqObjSwapsConstantMaturitySwapParRateFromConvexity,aqObjConstantMaturitySwapParRateFromConvexity
object,aqObjSwapsCreateFromMutipleLegs,aqObjSwapsCreateFromMultipleLegs
object,aqObjSwapsDDeltaLadder,aqObjSwapsDeltaLadder
object,aqObjSwapsTotalReturnAnnuity,aqObjTotalReturnSwapAnnuity
object,aqObjSwapsTotalReturnPV,aqObjTotalReturnSwapPV
object,aqObjSwapsTotalReturnParRate,aqObjTotalReturnSwapParRate
object,aqObjSwapsTotalReturnParSpread,aqObjTotalReturnSwapParSpread
object,tryAqObjCurvesInflationCPI,tryAqObjInflationCPI
object,tryAqObjCurvesInflationCurveCalibrationParameters,tryAqObjInflationCurveCalibrationParameters
object,tryAqObjCurvesInflationCurveCreate,tryAqObjInflationCurveCreate
object,tryAqObjCurvesInflationCurveCreate_inputs,tryAqObjInflationCurveCreate_inputs
object,tryAqObjCurvesInflationPricing,tryAqObjInflationPricing
object,tryAqObjCurvesInflationZCSwapPV,tryAqObjInflationZCSwapPV
object,tryAqObjCurvesInflationZCSwapPVFromIndex,tryAqObjInflationZCSwapPVFromIndex
object,tryAqObjCurvesInflationZCSwapParRate,tryAqObjInflationZCSwapParRate
object,tryAqObjCurvesInflationZCSwapParRateFromIndex,tryAqObjInflationZCSwapParRateFromIndex
object,tryAqObjCurvesInflationZCSwapParRate_inputs,tryAqObjInflationZCSwapParRate_inputs
object,tryAqObjOptionsBondFutureOptionGreeks,tryAqObjBondFutureOptionGreeks
object,tryAqObjOptionsBondFutureOptionPV,tryAqObjBondFutureOptionPV
object,tryAqObjOptionsBondOption,tryAqObjBondOption
object,tryAqObjOptionsBondOptionCreate,tryAqObjBondOptionCreate
object,tryAqObjOptionsBondOptionDisplay,tryAqObjBondOptionDisplay
object,tryAqObjOptionsBondOptionGreeks,tryAqObjBondOptionGreeks
object,tryAqObjOptionsBondOptionPV,tryAqObjBondOptionPV
object,tryAqObjOptionsCapFloor,tryAqObjCapFloor
object,tryAqObjOptionsCapFloorCreate,tryAqObjCapFloorCreate
object,tryAqObjOptionsCapFloorDisplay,tryAqObjCapFloorDisplay
object,tryAqObjOptionsCapFloorDisplayCashflows,tryAqObjCapFloorDisplayCashflows
object,tryAqObjOptionsCapFloorDisplayCashflowsFromRates,tryAqObjCapFloorDisplayCashflowsFromRates
object,tryAqObjOptionsCapFloorGreeks,tryAqObjCapFloorGreeks
object,tryAqObjOptionsCapFloorGreeksAnalytical,tryAqObjCapFloorGreeksAnalytical
object,tryAqObjOptionsCapFloorGreeksAnalyticalFromRates,tryAqObjCapFloorGreeksAnalyticalFromRates
object,tryAqObjOptionsCapFloorGreeksFromRates,tryAqObjCapFloorGreeksFromRates
object,tryAqObjOptionsCapFloorPV,tryAqObjCapFloorPV
object,tryAqObjOptionsCapFloorPVFromRates,tryAqObjCapFloorPVFromRates
object,tryAqObjOptionsSwaption,tryAqObjSwaption
object,tryAqObjOptionsSwaptionCreate,tryAqObjSwaptionCreate
object,tryAqObjOptionsSwaptionDelta,tryAqObjSwaptionDelta
object,tryAqObjOptionsSwaptionDisplay,tryAqObjSwaptionDisplay
object,tryAqObjOptionsSwaptionGamma,tryAqObjSwaptionGamma
object,tryAqObjOptionsSwaptionImpliedVol,tryAqObjSwaptionImpliedVol
object,tryAqObjOptionsSwaptionPV,tryAqObjSwaptionPV
object,tryAqObjOptionsSwaptionTheta,tryAqObjSwaptionTheta
object,tryAqObjOptionsSwaptionVega,tryAqObjSwaptionVega
object,tryAqObjSwapsAssetSwap,tryAqObjAssetSwap
object,tryAqObjSwapsAssetSwapFixedEqvCoupon,tryAqObjAssetSwapFixedEqvCoupon
object,tryAqObjSwapsAssetSwapSpread,tryAqObjAssetSwapSpread
object,tryAqObjSwapsAssetSwapSpreadFromFixedEqvCoupon,tryAqObjAssetSwapSpreadFromFixedEqvCoupon
object,tryAqObjSwapsAssetSwapSpreadFromPrice,tryAqObjAssetSwapSpreadFromPrice
object,tryAqObjSwapsAssetSwapSpreadToCleanPrice,tryAqObjAssetSwapSpreadToCleanPrice
object,tryAqObjSwapsConstantMaturitySwapPVUsingConvexityAdjustment,tryAqObjConstantMaturitySwapPVUsingConvexityAdjustment
object,tryAqObjSwapsConstantMaturitySwapPVUsingConvexityAdjustment_inputs,tryAqObjConstantMaturitySwapPVUsingConvexityAdjustment_inputs
object,tryAqObjSwapsConstantMaturitySwapPVUsingConvexityAdjustment_outputs,tryAqObjConstantMaturitySwapPVUsingConvexityAdjustment_outputs
object,tryAqObjSwapsConstantMaturitySwapParRateUsingConvexityAdjustment,tryAqObjConstantMaturitySwapParRateUsingConvexityAdjustment
object,tryAqObjSwapsConstantMaturitySwapParRateUsingConvexityAdjustment_inputs,tryAqObjConstantMaturitySwapParRateUsingConvexityAdjustment_inputs
object,tryAqObjSwapsConstantMaturitySwapParRateUsingConvexityAdjustment_outputs,tryAqObjConstantMaturitySwapParRateUsingConvexityAdjustment_outputs
object,tryAqObjSwapsTotalReturnAnnuity,tryAqObjTotalReturnSwapAnnuity
object,tryAqObjSwapsTotalReturnAnnuity_Float_PayAlways_outputs,tryAqObjTotalReturnSwapAnnuity_Float_PayAlways_outputs
object,tryAqObjSwapsTotalReturnAnnuity_Float_PayOnSurvival_outputs,tryAqObjTotalReturnSwapAnnuity_Float_PayOnSurvival_outputs
object,tryAqObjSwapsTotalReturnAnnuity_Premium_inputs,tryAqObjTotalReturnSwapAnnuity_Premium_inputs
object,tryAqObjSwapsTotalReturnAnnuity_Premium_outputs,tryAqObjTotalReturnSwapAnnuity_Premium_outputs
object,tryAqObjSwapsTotalReturnPV,tryAqObjTotalReturnSwapPV
object,tryAqObjSwapsTotalReturnPV_ALL_inputs,tryAqObjTotalReturnSwapPV_ALL_inputs
object,tryAqObjSwapsTotalReturnPV_ALL_outputs,tryAqObjTotalReturnSwapPV_ALL_outputs
object,tryAqObjSwapsTotalReturnPV_Float_inputs,tryAqObjTotalReturnSwapPV_Float_inputs
object,tryAqObjSwapsTotalReturnPV_Float_outputs,tryAqObjTotalReturnSwapPV_Float_outputs
object,tryAqObjSwapsTotalReturnPV_PayOnSurvival_ALL_outputs,tryAqObjTotalReturnSwapPV_PayOnSurvival_ALL_outputs
object,tryAqObjSwapsTotalReturnPV_PayOnSurvival_Float_outputs,tryAqObjTotalReturnSwapPV_PayOnSurvival_Float_outputs
object,tryAqObjSwapsTotalReturnPV_Premium_inputs,tryAqObjTotalReturnSwapPV_Premium_inputs
object,tryAqObjSwapsTotalReturnPV_Premium_outputs,tryAqObjTotalReturnSwapPV_Premium_outputs
object,tryAqObjSwapsTotalReturnParRate,tryAqObjTotalReturnSwapParRate
object,tryAqObjSwapsTotalReturnParRate_inputs,tryAqObjTotalReturnSwapParRate_inputs
object,tryAqObjSwapsTotalReturnParRate_outputs,tryAqObjTotalReturnSwapParRate_outputs
object,tryAqObjSwapsTotalReturnParSpread,tryAqObjTotalReturnSwapParSpread
object,tryAqObjSwapsTotalReturnParSpread_inputs,tryAqObjTotalReturnSwapParSpread_inputs
object,tryAqObjSwapsTotalReturnParSpread_outputs,tryAqObjTotalReturnSwapParSpread_outputs
