old_name,old_file,name_stub,validation_wrapper_called,proposed_new_category,keep_drop_merge,notes
mirGetParRateFromDates,LAXL.cpp,,,,,
mirGetRate,LAXL.cpp,,,,,
mirGetCurveGenerateTime,LAXL.cpp,,,,,
mirCurveGenerate,LAXL.cpp,,,,,
mirSetUpBasisCurveFromMarket,LAXL.cpp,,,,,
mirSetUpCurve,LAXL.cpp,,,,,
mirSetUpCurve2,LAXL.cpp,,,,,
mirSetUpCurve3,LAXL.cpp,,,,,
mirSetUpBasisCurve,LAXL.cpp,,,,,
mirSetUpBasisCurve2,LAXL.cpp,,,,,
mirSetUpBasisCurve3,LAXL.cpp,,,,,
mirSetUpArbFreeCurveFromMarket,LAXL.cpp,,,,,
mirSetUpForecastCurve,LAXL.cpp,,,,,
mirSetUpForecastCurveFromMarket,LAXL.cpp,,,,,
mirSetUpCtdDFCurve,LAXL.cpp,,,,,
mirOutPutCurve,LAXL.cpp,,tryMirOutputCurve,,,
mirOutPutCurve2,LAXL.cpp,,,,,
mirOutPutForecastCurve,LAXL.cpp,,,,,
mirGetBasisSwapValue,LAXL.cpp,,,,,
mirGetParRate1,LAXL.cpp,,,,,
mirGetParRate2,LAXL.cpp,,,,,
mirGetParRate3,LAXL.cpp,,,,,
mirGetForwardRate3,LAXL.cpp,,,,,
mirGetForwardRate2,LAXL.cpp,,,,,
mirGetForwardRate1,LAXL.cpp,,,,,
mirGetZeroRate2,LAXL.cpp,,,,,
mirGetZeroRate1,LAXL.cpp,,,,,
mirGetDF5,LAXL.cpp,,tryMirGetDF5,,,
mirGetDF4,LAXL.cpp,,,,,
mirGetDF3,LAXL.cpp,,,,,
mirGetDF2,LAXL.cpp,,tryMirGetDF2,,,
mirGetDF1,LAXL.cpp,,tryMirGetDF1,,,
mirGetAnnuity1,LAXL.cpp,,,,,
mirGetAnnuity2,LAXL.cpp,,,,,
mirBkOption,LAXL.cpp,,,,,
mirBkOptionDF,LAXL.cpp,,,,,
mirBkOptionIV,LAXL.cpp,,,,,
mirCapflooroption1,LAXL.cpp,,,,,
mircaplet1,LAXL.cpp,,,,,
mircaplet2,LAXL.cpp,,,,,
mirCaplet3,LAXL.cpp,,,,,
mirCapletVol,LAXL.cpp,,,,,
mircapfloorletoption1,LAXL.cpp,,,,,
mirCapflooroptionVol,LAXL.cpp,,,,,
mirJPYswaption,LAXL.cpp,,,,,
mirSwaption1,LAXL.cpp,,,,,
mirSwaption2,LAXL.cpp,,,,,
mirSwaptionVol,LAXL.cpp,,,,,
mirGkOption,LAXL.cpp,,,,,
mirGkOptionIV,LAXL.cpp,,,,,
mirDigitalOption,LAXL.cpp,,,,,
mirSingleBarrierOption,LAXL.cpp,,,,,
mirSingleBarrierOptionEasily,LAXL.cpp,,,,,
mirDoubleBarrierOption,LAXL.cpp,,,,,
mirCalcStrikeFromDelta,LAXL.cpp,,,,,
mirCalcStrikeFromDelta2,LAXL.cpp,,,,,
mirCalcStrikeFromDelta3,LAXL.cpp,,,,,
mirCalcDates,LAXL.cpp,,,,,
mirGetDateFromTerm,LAXL.cpp,,,,,
mirGetTermFromDay,LAXL.cpp,,,,,
mirGetDayFromTerm,LAXL.cpp,,,,,
mirGetTerm,LAXL.cpp,,,,,
mirGetBusinessDays,LAXL.cpp,,,,,
mirGetDate,LAXL.cpp,,,,,
mirGetDateWithRoll,LAXL.cpp,,,,,
mirInterpolation,LAXL.cpp,,,,,
mirMonotoneConvex,LAXL.cpp,,,,,
mirLinear,LAXL.cpp,,,,,
mirSpline,LAXL.cpp,,,,,
mirStep,LAXL.cpp,,,,,
mirStringValue,LAXL.cpp,,,,,
mirSerialValue,LAXL.cpp,,,,,
mirGetEntityPoolName,LAXL.cpp,,,,,
mirXlDumpMemory,LAXL.cpp,,,,,
mirClearEntityPool,LAXL.cpp,,,,,
mirGetGridRate,LAXL.cpp,,,,,
mirGetInfo,LAXL.cpp,,,,,
mirSetupFXVolObject,LAXL.cpp,,,,,
mirGetValueFromFXVolObject,LAXL.cpp,,,,,
mirGetSpotFXFromFXVolObject,LAXL.cpp,,,,,
mirGetHeston,LAXL.cpp,,,,,
mirGetHestonImplVol,LAXL.cpp,,,,,
mirSetEntity,LAXL.cpp,,,,,
mirGetAttribute,LAXL.cpp,,,,,
mirSetUpConvention,LAXL.cpp,,,,,
mirSetupSABRGrid,LAXL.cpp,,,,,
mirLookUpSwapGrid,LAXL.cpp,,,,,
mirOutPutSABRGrid,LAXL.cpp,,,,,
mirSetUpSwaptionVol,LAXL.cpp,,,,,
mirCalibrateSABRMatrix,LAXL.cpp,,,,,
mirCalibrateSABRMatrixATMFix,LAXL.cpp,,,,,
mirCalibrateSABR,LAXL.cpp,,,,,
mirGetSABRVol,LAXL.cpp,,,,,
mirGetSABRVol2,LAXL.cpp,,,,,
mirGetSABRVolMatrix,LAXL.cpp,,,,,
mirGetSABRVol3,LAXL.cpp,,,,,
mirGetSABRVol4,LAXL.cpp,,,,,
mirSetUpCapFloorVolSurf,LAXL.cpp,,,,,
mirOutPutCapFloor,LAXL.cpp,,,,,
mirLookUpCapFloorSurf,LAXL.cpp,,,,,
mirGetSABRAlpha,LAXL.cpp,,,,,
mirGetSABRAlpha2,LAXL.cpp,,,,,
mirCalcMaxStrike,LAXL.cpp,,,,,
mirCalcMaxFXDelta,LAXL.cpp,,,,,
mirGetConvexityAdjust,LAXL.cpp,,,,,
mirGetConvexityAdjust2,LAXL.cpp,,,,,
mirSetUpSwapCurve,LAXL.cpp,,,,,
mirSetUpArbFreeCurve,LAXL.cpp,,,,,
mirSetUpBasisSwapCurve,LAXL.cpp,,,,,
mirSetUpOISCurve,LAXL.cpp,,,,,
mirSetUpFloater,LAXL.cpp,,,,,
mirGetIMMDate1,LAXL.cpp,,,,,
mirGetIMMDate2,LAXL.cpp,,,,,
mirGetIMMDate3,LAXL.cpp,,,,,
mirSetUpCalendarFile,LAXL.cpp,,,,,
mirClearEntityPoolAndReadProperty,LAXL.cpp,,,,,
mirSetupPreparationForCalc,LAXL.cpp,,,,,
mirCalcTrades,LAXL.cpp,,,,,
mirGetParRateOfSingleTrade,LAXL.cpp,,,,,
mirCalcSingleTrade,LAXL.cpp,,,,,
mirCalcMultiTrade,LAXL.cpp,,,,,
mircalcPortfolioRisk,LAXL.cpp,,,,,
mirGetSingleTradeResult,LAXL.cpp,,,,,
mirGetIRDeltaGrid,LAXL.cpp,,,,,
mirOutputCalcTradesResult,LAXL.cpp,,,,,
mirOutputSingleTradeResult,LAXL.cpp,,,,,
mirxlDumpMemoryForEachEntity,LAXL.cpp,,,,,
mirStorePastRates,LAXL.cpp,,,,,
mirEntityDump,LAXL.cpp,,,,,
mirGetParRateIMM1,LAXL.cpp,,,,,
mirGetParRateIMM2,LAXL.cpp,,,,,
mirGetParRateIMM3,LAXL.cpp,,,,,
mirCompound1,LAXL.cpp,,,,,
mirCompound2,LAXL.cpp,,,,,
mirCompound3,LAXL.cpp,,,,,
mirGetSRAdjustSABR,LAXL.cpp,,,,,
NewFn1,LAXL.cpp,,,,,
mirSetUpFwdFXConstantCurve,LAXL.cpp,,tryMirSetUpFwdFXConstantCurve,,,
mirSwapStubRate,LAXL.cpp,,,,,
mirGetParRate4,LAXL.cpp,,,,,
mirGetParRate5,LAXL.cpp,,,,,
mirOISParRate,LAXL.cpp,,,,,
mirSwapSchedule,LAXL.cpp,,,,,
mirSwapPV,LAXL.cpp,,,,,
mirOISSwapPV,LAXL.cpp,,,,,
mirSwapPV01,LAXL.cpp,,,,,
mirAssetSwapSpread,LAXL.cpp,,,,,
mirSetupPCA,LAXL.cpp,,,,,
mirGetPCAResults,LAXL.cpp,,,,,
mirGetNextECBDate,LAXL.cpp,,,,,
mirGetECBStartDate,LAXL.cpp,,,,,
mirHaveNextECBDate,LAXL.cpp,,,,,
mirHaveNextCBDate,LAXL.cpp,,,,,
mirGetNextCBDate,LAXL.cpp,,,,,
mirSetUpCBScheduleFile,LAXL.cpp,,,,,
mirRecord,LAXL.cpp,,,,,
mirGetCholeskyDecomposition,LAXL.cpp,,,,,
mirGetEigenMatrix,LAXL.cpp,,,,,
MirReplay,LAXL.cpp,,tryMirReplay,,,
mirSwapDV01,LAXL.cpp,,,,,
mirSwapDeltaLadder,LAXL.cpp,,tryMeProductSwapDelta,,,
meSRTAmortizeSingleLoan,meCashflowClient.cpp,SRT,tryMeSRTAmortizeSingleLoanAsMatrix,,,
meSRTAmortizeLoanPortfolio,meCashflowClient.cpp,SRT,tryMeSRTAmortizeLoanPortfolioAsMatrix,,,
meCurveDiscountFactorsFromYearFractions,meCurves.cpp,Curve,tryMeCurveDiscountFactorsFromYearFractions,,,
meCurveDiscountFactorsFromTenors,meCurves.cpp,Curve,tryMeCurveDiscountFactorsFromTenors,,,
meCurveDiscountFactorsForwardStarting,meCurves.cpp,Curve,tryMeCurveDiscountFactorsForwardStarting,,,
meCurveDiscountFactorsForwardStartingFromYearFractions,meCurves.cpp,Curve,tryMeCurveDiscountFactorsForwardStartingFromYearFractions,,,
meCurveDiscountFactorsForwardStartingFromTenor,meCurves.cpp,Curve,tryMeCurveDiscountFactorsForwardStartingFromTenor,,,
meCurveForwardRatesFromForwardDates,meCurves.cpp,Curve,tryMeCurveForwardRatesFromForwardDates,,,
meCurveForwardRatesFromYearFraction,meCurves.cpp,Curve,tryMeCurveForwardRatesFromYearFraction,,,
meCurveCompoundRate,meCurves.cpp,Curve,,,,
meCurveDisplay,meCurves.cpp,Curve,tryMeCurveDisplay,,,
meCurveCalibrateOIS,meCurves.cpp,Curve,,,,
meCurveCalibrateSwap,meCurves.cpp,Curve,,,,
meCurveCalibrateBasis,meCurves.cpp,Curve,,,,
meCurveCalibrateFXForwards,meCurves.cpp,Curve,tryMeCurveCalibrateFXForwards,,,
meCurveZeroRateFromYearFraction,meCurves.cpp,Curve,tryMeCurveZeroRatesFromYearFractions,,,
meCurveZeroRateFromTenor,meCurves.cpp,Curve,tryMeCurveZeroRatesFromTenors,,,
meCurveFrequency,meCurves.cpp,Curve,tryMeCurveFrequency,,,
meCurveDiscountFactors,meCurves.cpp,Curve,tryMeCurveDiscountFactors,,,
meCurveForwardRates,meCurves.cpp,Curve,tryMeCurveForwardRates,,,
meCurveDelete,meCurves.cpp,Curve,tryMeCurveDelete,,,
meCurveEuroDollarConvexityAdjustment,meCurves.cpp,Curve,tryMeCurveEuroDollarConvexityAdjustment,,,
meCurveCompoundRateWithFixingTable,meCurves.cpp,Curve,,,,
meCurveCalibrateCTD,meCurves.cpp,Curve,tryMeCurveCalibrateCTD,,,
meCurveVasicekChecking,meCurves.cpp,Curve,,,,
meCurveVasicekForwardRates,meCurves.cpp,Curve,,,,
meCurveHullWhiteForwardRates,meCurves.cpp,Curve,tryMeCurveHullWhiteForwardRates,,,
meCurveInterpolationJoinDate,meCurves.cpp,Curve,tryMeCurveInterpolationJoinDate,,,
meCurveCalibrateDualBootstrap,meCurves.cpp,Curve,,,,
meBondCurveNelsonSiegelCalibrate,meCurves.cpp,Bond,,,,
meBondCurveNelsonSiegelYield,meCurves.cpp,Bond,tryMeBondCurveNelsonSiegelYield,,,
meBondCurveSvenssonCalibrate,meCurves.cpp,Bond,,,,
meBondCurveSvenssonYield,meCurves.cpp,Bond,tryMeBondCurveSvenssonYield,,,
meCurveDiscountFactorsOverride,meCurves.cpp,Curve,,,,
meCurveDiscountFactorsDisplay,meCurves.cpp,Curve,tryMeCurveDiscountFactorsDisplay,,,
meCurveDiscountFactorsSetToOne,meCurves.cpp,Curve,tryMeCurveDiscountFactorsSetToOne,,,
meCurveTermsToDates,meCurves.cpp,Curve,tryMeCurveTermsToDates,,,
meCurveDatesToTerms,meCurves.cpp,Curve,tryMeCurveDatesToTerms,,,
meCurveForwardRatesOverride,meCurves.cpp,Curve,,,,
meBondCurvePolynomialCalibrate,meCurves.cpp,Bond,,,,
meBondCurvePolynomialYield,meCurves.cpp,Bond,tryMeBondCurvePolynomialYield,,,
meBondCurveDisplay,meCurves.cpp,Bond,tryMeBondCurveDisplay,,,
meBondCurveCreate,meCurves.cpp,Bond,tryMeBondCurveCreate,,,
meLWOBondPriceFromBondCurve,meCurves.cpp,LWO,tryMeLWOBondPriceFromBondCurve,,,
meLWOBondYieldFromBondCurve,meCurves.cpp,LWO,tryMeLWOBondYieldFromBondCurve,,,
meCurveResultsDiscountFactorsUpdate,meCurves.cpp,Curve,tryMeCurveResultsDiscountFactorsUpdate,,,
meCurveResultsDiscountFactorsDisplayAll,meCurves.cpp,Curve,tryMeCurveResultsDiscountFactorsDisplayAll,,,
meCurveResultsDiscountFactorsDisplay,meCurves.cpp,Curve,tryMeCurveResultsDiscountFactorsDisplay,,,
meCurveResultsDelete,meCurves.cpp,Curve,tryMeCurveResultsDelete,,,
meCurveResultsDeleteAll,meCurves.cpp,Curve,tryMeCurveResultsDeleteAll,,,
meCurveResultsForwardRatesDisplay,meCurves.cpp,Curve,,,,
meCurveResultsJacobianUpdate,meCurves.cpp,Curve,,,,
meCurveResultsJacobianDisplay,meCurves.cpp,Curve,tryMeCurveResultsJacobianDisplay,,,
meCurveResultsJacobianRiskTotals,meCurves.cpp,Curve,tryMeCurveResultsJacobianRiskTotals,,,
meCurveResultsJacobianImplyNewDiscountFactors,meCurves.cpp,Curve,tryMeCurveResultsJacobianImplyNewDiscountFactors,,,
meCurveResultsEnable,meCurves.cpp,Curve,tryMeCurveResultsEnable,,,
meCurveResultsIsEnabled,meCurves.cpp,Curve,tryMeCurveResultsIsEnabled,,,
meCurveResultsJacobianDiscountFactorDelta,meCurves.cpp,Curve,tryMeCurveResultsJacobianDiscountFactorDelta,,,
meCurveGroupCreate,meCurves.cpp,Curve,tryMeCurveGroupCreate,,,
meCurveGroupCollectionName,meCurves.cpp,Curve,tryMeCurveGroupCollectionName,,,
meCurveGroupDelete,meCurves.cpp,Curve,tryMeCurveResultsDelete,,,
meCurveGroupDeleteAll,meCurves.cpp,Curve,tryMeCurveResultsDeleteAll,,,
meCurveDiscountFactorsFromObject,meCurves.cpp,Curve,tryMeCurveDiscountFactors,,,
meCurveForwardRatesFromObject,meCurves.cpp,Curve,tryMeCurveForwardRates,,,
meCurveForwardRatesFromForwardDatesFromObject,meCurves.cpp,Curve,tryMeCurveForwardRatesFromForwardDatesFromObject,,,
meDateBusinessDays,meDates.cpp,Date,tryMeDateBusinessDays,,,
meDateFromTenor,meDates.cpp,Date,tryMeDateFromTenor,,,
meDateFromYearFraction,meDates.cpp,Date,tryMeDateFromYearFraction,,,
meDateECBSwapStart,meDates.cpp,DateECB,tryMeDateECBSwapStart,,,
meDateECBSwapEnd,meDates.cpp,DateECB,tryMeDateECBSwapEnd,,,
meDateECB,meDates.cpp,DateECB,tryMeDateECB,,,
meDateCentralBank,meDates.cpp,Date,tryMeDateCentralBank,,,
meDateIMMFromMonth,meDates.cpp,DateIMM,tryMeDateIMMFromMonth,,,
meDateNthIMM,meDates.cpp,Date,tryMeDateNthIMM,,,
meDateNthIMMFromStartDate,meDates.cpp,Date,tryMeDateNthIMMFromStartDate,,,
meDateYearFraction,meDates.cpp,Date,tryMeDateYearFraction,,,
meDateIsWorkingDay,meDates.cpp,Date,tryMeDateIsWorkingDay,,,
meDateIsHoliday,meDates.cpp,Date,tryMeDateIsHoliday,,,
meDateIsWeekend,meDates.cpp,Date,tryMeDateIsWeekend,,,
meDateIsWeekday,meDates.cpp,Date,tryMeDateIsWeekday,,,
meDateFuturesContract,meDates.cpp,Date,tryMeDateFuturesContract,,,
meDateIsRegularSwapSchedule,meDates.cpp,Date,,,,
meDateIMMCurrent,meDates.cpp,DateIMM,tryMeDateIMMCurrent,,,
meDateIMMNth,meDates.cpp,DateIMM,tryMeDateIMMNth,,,
meDateIMMNext,meDates.cpp,DateIMM,tryMeDateIMMNext,,,
meDateIMMPrevious,meDates.cpp,DateIMM,tryMeDateIMMPrevious,,,
meFuturesTickerIMMCurrent,meDates.cpp,Futures,tryMeFuturesTickerCurrent,,,
meFuturesTickerIMMNth,meDates.cpp,Futures,tryMeFuturesTickerNth,,,
meFuturesTickerIMMNext,meDates.cpp,Futures,tryMeFuturesTickerNext,,,
meFuturesTickerIMMPrevious,meDates.cpp,Futures,tryMeFuturesTickerPrevious,,,
meDateNthECBMeetingDate,meDates.cpp,Date,tryMeDateNthECBMeetingDate,,,
meDateNthECBSwapStartDate,meDates.cpp,Date,tryMeDateNthECBSwapStartDate,,,
meDateNthECBSwapEndDate,meDates.cpp,Date,tryMeDateNthECBSwapEndDate,,,
meDateNextECBMeetingDate,meDates.cpp,Date,tryMeDateNextECBMeetingDate,,,
meDateNextECBSwapStartDate,meDates.cpp,Date,tryMeDateNextECBSwapStartDate,,,
meDateNextECBSwapEndDate,meDates.cpp,Date,tryMeDateNextECBSwapEndDate,,,
meDateToday,meDates.cpp,Date,tryMeDateToday,,,
meCurveUSDSpotDate,meDates.cpp,CurveUSD,tryMeCurveUSDSpotDate,,,
mirGetDate,meDates.cpp,,tryMeDateFromTenor,,,
meLWOSwapUSDSpotDate,meDates.cpp,LWO,tryMeCurveUSDSpotDate,,,
meDateShiftedSpotDate,meDates.cpp,Date,tryMeDateShiftedSpotDate,,,
meLWOFixingTableCreate,meLWO.cpp,LWO,,,,
meLWOFixingTableDisplay,meLWO.cpp,LWO,tryMeLWOFixingTableDisplay,,,
meLWOFixingTableValues,meLWO.cpp,LWO,tryMeLWOFixingTableValues,,,
meLWOBondCreate,meLWO.cpp,LWO,,,,
meLWOBondDisplay,meLWO.cpp,LWO,tryMeLWOBondDisplay,,,
meLWOBondDisplaySchedule,meLWO.cpp,LWO,tryMeLWOBondDisplaySchedule,,,
meLWOBondDisplayCashflows,meLWO.cpp,LWO,tryMeLWOBondDisplayCashflows,,,
meLWOBondDirtyPrice,meLWO.cpp,LWO,tryMeLWOBondDirtyPrice,,,
meLWOBondAccruedInterestDays,meLWO.cpp,LWO,tryMeLWOBondAccruedInterestDays,,,
meLWOBondCleanPrice,meLWO.cpp,LWO,tryMeLWOBondCleanPrice,,,
meLWOBondAccruedInterest,meLWO.cpp,LWO,tryMeLWOBondAccruedInterest,,,
meLWOBondYield,meLWO.cpp,LWO,tryMeLWOBondYield,,,
meLWOBondCompoundYield,meLWO.cpp,LWO,tryMeLWOBondCompoundYields,,,
meLWOBondPrice,meLWO.cpp,LWO,tryMeLWOBondPrice,,,
meLWOBondDV01Numerical,meLWO.cpp,LWO,tryMeLWOBondDV01Numerical,,,
meLWOBondDV01,meLWO.cpp,LWO,tryMeLWOBondDV01,,,
meLWOBondModifiedDuration,meLWO.cpp,LWO,tryMeLWOBondModifiedDuration,,,
meLWOBondOisSpread,meLWO.cpp,LWO,tryMeLWOBondOisSpread,,,
meLWOBondLastCouponDate,meLWO.cpp,LWO,tryMeLWOBondLastCouponDate,,,
meLWOBondPriceFromDirtyToClean,meLWO.cpp,LWO,tryMeLWOBondPriceFromDirtyToClean,,,
meLWOBondPriceFromCleanToDirty,meLWO.cpp,LWO,tryMeLWOBondPriceFromCleanToDirty,,,
meLWOBondGeneratorCreate,meLWO.cpp,LWO,tryMeLWOBondGeneratorCreate,,,
meLWOBondGeneratorDisplay,meLWO.cpp,LWO,tryMeLWOBondGeneratorDisplay,,,
meLWOBondCreateFromGeneratorLVB,meLWO.cpp,LWO,,,,
meLWOBondCreateFromLVB,meLWO.cpp,LWO,,,,
meLWOBondZSpreadFromRates,meLWO.cpp,LWO,tryMeLWOBondZSpreadFromRates,,,
meLWOBondZSpread,meLWO.cpp,LWO,,,,
meLWOBondForwardPrice,meLWO.cpp,LWO,tryMeLWOBondForwardPrice,,,
meLWOBondRepoRate,meLWO.cpp,LWO,tryMeLWOBondRepoRate,,,
meLWOBondRepoRateFromFuture,meLWO.cpp,LWO,tryMeLWOBondRepoRateFromFuture,,,
meLWOBondFuturePrice,meLWO.cpp,LWO,tryMeLWOBondFuturePrice,,,
meLWOBondConversionFactor,meLWO.cpp,LWO,tryMeLWOBondConversionFactor,,,
meLWOBondGrossBasis,meLWO.cpp,LWO,tryMeLWOBondGrossBasis,,,
meLWOBondNetBasis,meLWO.cpp,LWO,tryMeLWOBondNetBasis,,,
meLWOBondCheapestToDeliver,meLWO.cpp,LWO,,,,
meLWOBondCheapestToDeliverByNetBasis,meLWO.cpp,LWO,,,,
meLWOBondCreateAUDNotionalBond,meLWO.cpp,LWO,,,,
meUtilityBondAverageYield,meLWO.cpp,Utility,tryMeUtilityBondAverageYield,,,
meUtilityBondYieldFromFuturePrice,meLWO.cpp,Utility,tryMeUtilityBondYieldFromFuturePrice,,,
meLWOBondFRNPriceFromDiscountMargin,meLWO.cpp,LWO,tryMeLWOBondFRNPriceFromDiscountMargin,,,
meLWOBondFRNPriceFromYield,meLWO.cpp,LWO,tryMeLWOBondFRNPriceFromYield,,,
meLWOBondFRNYieldFromPrice,meLWO.cpp,LWO,tryMeLWOBondFRNYieldFromPrice,,,
meLWOBondFRNDiscountMarginFromPrice,meLWO.cpp,LWO,tryMeLWOBondFRNDiscountMarginFromPrice,,,
meLWOBondPriceFromCreditModel,meLWO.cpp,LWO,tryMeLWOBondPriceFromCreditModel,,,
meLWOBondBPVPerTick,meLWO.cpp,LWO,tryMeLWOBondBPVPerTick,,,
meLWOFixingTableCreateFromLVB,meLWO.cpp,LWO,tryMeLWOFixingTableCreate,,,
meLWOFixingTableValuesLVB,meLWO.cpp,LWO,tryMeLWOFixingTableValues,,,
meLWOAssetSwapSpreadFromPrice,meLWOAssetSwap.cpp,LWO,tryMeLWOAssetSwapSpreadFromPrice,,,
meLWOAssetSwapSpread,meLWOAssetSwap.cpp,LWO,tryMeLWOAssetSwapSpread,,,
meLWOAssetSwapSpreadToCleanPrice,meLWOAssetSwap.cpp,LWO,tryMeLWOAssetSwapSpreadToCleanPrice,,,
meLWOAssetSwapFixedEqvCoupon,meLWOAssetSwap.cpp,LWO,tryMeLWOAssetSwapFixedEqvCoupon,,,
meLWOAssetSwapSpreadFromFixedEqvCoupon,meLWOAssetSwap.cpp,LWO,tryMeLWOAssetSwapSpreadFromFixedEqvCoupon,,,
meLWOBondQuote,meLWOBonds.cpp,LWO,tryMeLWOBondQuote,,,
meLWOBondForwardReinvestedCoupon,meLWOBonds.cpp,LWO,tryMeLWOBondForwardReinvestedCoupon,,,
meLWOCurveDataCreate,meLWOCurveData.cpp,LWO,,,,
meLWOCurveDataDisplay,meLWOCurveData.cpp,LWO,tryMeLWOCurveDataDisplay,,,
meLWOCurveGeneratorCreate,meLWOCurves.cpp,LWO,,,,
meLWOCurveGeneratorDisplay,meLWOCurves.cpp,LWO,tryMeLWOCurveGeneratorDisplay,,,
meLWOCurveMarketDataCreate,meLWOCurves.cpp,LWO,,,,
meLWOCurveMarketDataDisplay,meLWOCurves.cpp,LWO,tryMeLWOCurveMarketDataDisplay,,,
meLWOCurveCalibrate,meLWOCurves.cpp,LWO,,,,
meLWOCurveForwardRatesTable,meLWOCurves.cpp,LWO,,,,
meLWOCurveDiscountFactorsTable,meLWOCurves.cpp,LWO,,,,
meLWOCurveGeneratorModify,meLWOCurves.cpp,LWO,tryMeLWOCurveGeneratorModify,,,
meLWOCurveDualBootstrap,meLWOCurves.cpp,LWO,,,,
meLWOCurveCalibrateHedge,meLWOCurves.cpp,LWO,,,,
meLWOCurveEngineJacobianDisplay,meLWOCurves.cpp,LWO,tryMeLWOCurveEngineJacobianDisplay,,,
meLWOCurveJacobianDisplay,meLWOCurves.cpp,LWO,tryMeLWOCurveJacobianDisplay,,,
meLWOCurveEngineCalibrate,meLWOCurves.cpp,LWO,,,,
meLWOCurveMarketDataPulse,meLWOCurves.cpp,LWO,,,,
meLWOCurvePulse,meLWOCurves.cpp,LWO,,,,
meLWOCurveMarketDataDisplayFromCurve,meLWOCurves.cpp,LWO,tryMeLWOCurveMarketDataDisplayFromCurve,,,
meLWOCurveDisplayConventions,meLWOCurves.cpp,LWO,tryMeLWOCurveDisplayConventions,,,
meLWOCurveDisplay,meLWOCurves.cpp,LWO,tryMeLWOCurveDisplay,,,
meLWOCurveMarketDataBumpAll,meLWOCurves.cpp,LWO,tryMeLWOCurveMarketDataBumpAll,,,
meLWOCurveMarketDataBumpInstrument,meLWOCurves.cpp,LWO,tryMeLWOCurveMarketDataBumpInstrument,,,
meLWOCurveMarketDataBumpClear,meLWOCurves.cpp,LWO,tryMeLWOCurveMarketDataBumpClear,,,
meLWOCurveBumpAll,meLWOCurves.cpp,LWO,tryMeLWOCurveBumpAll,,,
meLWOCurveBumpInstrument,meLWOCurves.cpp,LWO,tryMeLWOCurveBumpInstrument,,,
meLWOCurveDiscountFactorsWithSpread,meLWOCurves.cpp,LWO,tryMeLWOCurveDiscountFactorsWithSpread,,,
meLWOCurveCalibrateFromObject,meLWOCurves.cpp,LWO,tryMeLWOCurveCalibrate,,,
meLWOFXCurveCreate,meLWOFX.cpp,LWOFX,tryMeLWOFXCurveCreate,,,
meLWOFXForwardsFromDiscountCurves,meLWOFX.cpp,LWOFX,,,,
meLWOFXSwapFromDiscountCurves,meLWOFX.cpp,LWOFX,,,,
meLWOFXForwards,meLWOFX.cpp,LWOFX,tryMeLWOFXForwards,,,
meLWOFXSwap,meLWOFX.cpp,LWOFX,,,,
meLWOFXForwardsFromXccyCurveObject,meLWOFX.cpp,LWOFX,,,,
meLWOFXSwapFromXccyCurveObject,meLWOFX.cpp,LWOFX,,,,
meLWOFXForwardsFromXccyCurve,meLWOFX.cpp,LWOFX,,,,
meLWOFXSpotToAsOfDate,meLWOFX.cpp,LWOFX,tryMeLWOFXSpotToAsOfDate,,,
meLWOFXAsOfDateToSpot,meLWOFX.cpp,LWOFX,tryMeLWOFXAsOfDateToSpot,,,
meLWOFraCreate,meLWOFra.cpp,LWO,,,,
meLWOFraDisplay,meLWOFra.cpp,LWO,tryMeLWOFraDisplay,,,
meLWOFraRate,meLWOFra.cpp,LWO,tryMeLWOFraRate,,,
meLWOFraToFuturePrice,meLWOFra.cpp,LWO,tryMeLWOFraToFuturePrice,,,
meLWOFraToFuturePriceFromConvAdj,meLWOFra.cpp,LWO,tryMeLWOFraToFuturePriceFromConvAdj,,,
meLWOFraPV,meLWOFra.cpp,LWO,tryMeLWOFraPV,,,
meLWOFraDisplayCashflows,meLWOFra.cpp,LWO,tryMeLWOFraDisplayCashflows,,,
meLWOGridCreate,meLWOGrids.cpp,LWO,tryMeLWOGridCreate,,,
meLWOGridSave,meLWOGrids.cpp,LWO,tryMeLWOGridSave,,,
meLWOGridLoad,meLWOGrids.cpp,LWO,tryMeLWOGridLoad,,,
meLWOGridDisplay,meLWOGrids.cpp,LWO,tryMeLWOGridDisplay,,,
meLWOMultiGridCreate,meLWOGrids.cpp,LWO,,,,
meLWOMultiGridDisplay,meLWOGrids.cpp,LWO,tryMeLWOMultiGridDisplay,,,
meLWOMultiGridSave,meLWOGrids.cpp,LWO,tryMeLWOGridSave,,,
meLWOMultiGridLoad,meLWOGrids.cpp,LWO,tryMeLWOGridLoad,,,
meLWOGridObjectNames,meLWOGrids.cpp,LWO,tryMeLWOGridObjectNames,,,
meLWOMultiGridSubNames,meLWOGrids.cpp,LWO,tryMeLWOMultiGridSubNames,,,
meLWOGridDelete,meLWOGrids.cpp,LWO,tryMeLWOGridClearOne,,,
meLWOGridDeleteAll,meLWOGrids.cpp,LWO,tryMeLWOGridClearAll,,,
meLWOInflationCurveCreate,meLWOInflationPricing.cpp,LWO,,,,
meLWOInflationCurveCalibrationParameters,meLWOInflationPricing.cpp,LWO,tryMeLWOInflationCurveCalibrationParameters,,,
meLWOInflationZCSwapPVFromIndex,meLWOInflationPricing.cpp,LWO,tryMeLWOInflationZCSwapPVFromIndex,,,
meLWOInflationZCSwapParRateFromIndex,meLWOInflationPricing.cpp,LWO,tryMeLWOInflationZCSwapParRateFromIndex,,,
meLWOInflationZCSwapPV,meLWOInflationPricing.cpp,LWO,tryMeLWOInflationZCSwapPV,,,
meLWOInflationZCSwapParRate,meLWOInflationPricing.cpp,LWO,tryMeLWOInflationZCSwapParRate,,,
meLWOInflationCPI,meLWOInflationPricing.cpp,LWO,tryMeLWOInflationCPI,,,
meLWOCapFloorCreate,meLWOOption.cpp,LWO,tryMeLWOCapFloorCreate,,,
meLWOCapFloorDisplay,meLWOOption.cpp,LWO,tryMeLWOCapFloorDisplay,,,
meLWOVolatilityCreate,meLWOOption.cpp,LWO,tryMeLWOVolatilityCreate,,,
meLWOCapFloorDisplayCashflows,meLWOOption.cpp,LWO,,,,
meLWOCapFloorPV,meLWOOption.cpp,LWO,tryMeLWOCapFloorPV,,,
meLWOCapFloorGreeksAnalytical,meLWOOption.cpp,LWO,tryMeLWOCapFloorGreeksAnalytical,,,
meLWOCapFloorDisplayCashflowsFromRates,meLWOOption.cpp,LWO,tryMeLWOCapFloorDisplayCashflowsFromRates,,,
meLWOCapFloorGreeksAnalyticalFromRates,meLWOOption.cpp,LWO,tryMeLWOCapFloorGreeksAnalyticalFromRates,,,
meLWOCapFloorPVFromRates,meLWOOption.cpp,LWO,tryMeLWOCapFloorPVFromRates,,,
meLWOCapFloorGreeks,meLWOOption.cpp,LWO,,,,
meLWOCapFloorGreeksFromRates,meLWOOption.cpp,LWO,,,,
meLWOSwaptionCreate,meLWOOption.cpp,LWO,tryMeLWOSwaptionCreate,,,
meLWOSwaptionPV,meLWOOption.cpp,LWO,tryMeLWOSwaptionPV,,,
meLWOBondOptionCreate,meLWOOption.cpp,LWO,tryMeLWOBondOptionCreate,,,
meLWOBondOptionPV,meLWOOption.cpp,LWO,tryMeLWOBondOptionPV,,,
meLWOBondFutureOptionPV,meLWOOption.cpp,LWO,tryMeLWOBondFutureOptionPV,,,
meLWOBondFutureOptionGreeks,meLWOOption.cpp,LWO,,,,
meLWOBondOptionGreeks,meLWOOption.cpp,LWO,,,,
meLWOSwaptionDelta,meLWOOption.cpp,LWO,tryMeLWOSwaptionDelta,,,
meLWOSwaptionGamma,meLWOOption.cpp,LWO,tryMeLWOSwaptionGamma,,,
meLWOSwaptionVega,meLWOOption.cpp,LWO,tryMeLWOSwaptionVega,,,
meLWOSwaptionTheta,meLWOOption.cpp,LWO,tryMeLWOSwaptionTheta,,,
meLWOSwaptionImpliedVol,meLWOOption.cpp,LWO,tryMeLWOSwaptionImpliedVol,,,
meLWOSabrModelCalibrate,meLWOOption.cpp,LWO,,,,
meLWOSabrVolatility,meLWOOption.cpp,LWO,tryMeLWOSabrVolatility,,,
meLWOSabrParameter,meLWOOption.cpp,LWO,tryMeLWOSabrParameter,,,
meLWOSabrMarketDataCreate,meLWOOption.cpp,LWO,tryMeLWOSabrMarketDataCreate,,,
meLWOSabrMarketDataDisplay,meLWOOption.cpp,LWO,tryMeLWOSabrMarketDataDisplay,,,
meLWOSabrModelDisplay,meLWOOption.cpp,LWO,tryMeLWOSabrModelDisplay,,,
meLWOSwapCreateFromLegs,meLWOSwapCreation.cpp,LWO,tryMeLWOSwapCreateFromLegs,,,
meLWOScheduleCreate,meLWOSwapCreation.cpp,LWO,tryMeLWOScheduleCreate,,,
meLWOSwapCreateFromSchedule,meLWOSwapCreation.cpp,LWO,,,,
meLWOScheduleDisplay,meLWOSwapCreation.cpp,LWO,tryMeLWOScheduleDisplay,,,
meLWOSwapCreate,meLWOSwapCreation.cpp,LWO,,,,
meLWOSwapCreateBackToBack,meLWOSwapCreation.cpp,LWO,tryMeLWOSwapCreateBackToBack,,,
meLWOScheduleCreateBespoke,meLWOSwapCreation.cpp,LWO,,,,
meLWOSwapDisplay,meLWOSwapCreation.cpp,LWO,tryMeLWOSwapDisplay,,,
meLWOVariableNotionalSwapCreate,meLWOSwapCreation.cpp,LWO,tryMeLWOSwapCreateFromSchedule,,,
meLWOFeeScheduleCreate,meLWOSwapCreation.cpp,LWO,tryMeLWOFeeScheduleCreate,,,
meLWOLegCreate,meLWOSwapCreation.cpp,LWO,,,,
meLWOFeeLegCreate,meLWOSwapCreation.cpp,LWO,tryMeLWOFeeLegCreate,,,
meLWOLegCreateFromSchedule,meLWOSwapCreation.cpp,LWO,tryMeLWOLegCreateFromSchedule,,,
meLWOLegDisplay,meLWOSwapCreation.cpp,LWO,tryMeLWOLegDisplay,,,
meLWOSwapAddLeg,meLWOSwapCreation.cpp,LWO,tryMeLWOSwapAddLeg,,,
meLWOSwapAddFee,meLWOSwapCreation.cpp,LWO,tryMeLWOSwapAddFee,,,
meLWOSwapCreateFromLegLVBs,meLWOSwapCreation.cpp,LWO,,,,
meLWOSwapGeneratorCreate,meLWOSwapCreation.cpp,LWO,tryMeLWOSwapGeneratorCreate,,,
meLWOSwapGeneratorDisplay,meLWOSwapCreation.cpp,LWO,tryMeLWOSwapGeneratorDisplay,,,
meLWOSwapCreateFromGeneratorLVB,meLWOSwapCreation.cpp,LWO,,,,
meLWOSwapCreateFromGenerator,meLWOSwapCreation.cpp,LWO,,,,
meLWOSwapLVBKeys,meLWOSwapCreation.cpp,LWO,tryMeLWOSwapLVBKeys,,,
meLWOScheduleCreateBespokeFromCashflows,meLWOSwapCreation.cpp,LWO,,,,
meUtilitySwapScheduleTemplate,meLWOSwapCreation.cpp,Utility,tryMeUtilitySwapScheduleTemplate,,,
meLWOSwapPV,meLWOSwapPricing.cpp,LWO,tryMeLWOSwapPV,,,
meLWOSwapPV01,meLWOSwapPricing.cpp,LWO,tryMeLWOSwapPV01,,,
meLWOSwapParRate,meLWOSwapPricing.cpp,LWO,tryMeLWOSwapParRate,,,
meLWOSwapSpread,meLWOSwapPricing.cpp,LWO,tryMeLWOSwapSpread,,,
meLWOLegPV,meLWOSwapPricing.cpp,LWO,tryMeLWOLegPV,,,
meLWOLegDisplayCashflows,meLWOSwapPricing.cpp,LWO,tryMeLWOLegDisplayCashflows,,,
meLWOSwapAnnuity,meLWOSwapPricing.cpp,LWO,tryMeLWOSwapAnnuity,,,
meLWOXccySwapSpread,meLWOSwapPricing.cpp,LWO,tryMeLWOSwapSpread,,,
meLWOSwapDisplayCashflows,meLWOSwapPricing.cpp,LWO,tryMeLWOSwapDisplayCashflows,,,
meLWOSwapParSpread,meLWOSwapPricing.cpp,LWO,tryMeLWOSwapParSpread,,,
meLWOXccySwapParSpread,meLWOSwapPricing.cpp,LWO,tryMeLWOSwapParSpread,,,
meLWOSwapDeltaLadder,meLWOSwapPricing.cpp,LWO,,,,
meLWOSwapDelta,meLWOSwapPricing.cpp,LWO,,,,
meLWOSwapDV01,meLWOSwapPricing.cpp,LWO,,,,
meLWOSwapAccruedInterest,meLWOSwapPricing.cpp,LWO,tryMeLWOSwapAccruedInterest,,,
meLWOSwapPVs,meLWOSwapPricing.cpp,LWO,,,,
meLWOCreditDefaultSwapPVFromHazardRate,meLWOSwapPricing.cpp,LWO,,,,
meLWOCreditDefaultSwapRiskyAnnuityFromHazardRate,meLWOSwapPricing.cpp,LWO,,,,
meLWOCreditDefaultSwapParSpreadFromHazardRate,meLWOSwapPricing.cpp,LWO,,,,
meLWOCreditDefaultSwapHazardRateFromParSpread,meLWOSwapPricing.cpp,LWO,,,,
meLWOCreditModelCreate,meLWOSwapPricing.cpp,LWO,tryMeLWOCreditModelCreate,,,
meLWOCreditDefaultSwapPV,meLWOSwapPricing.cpp,LWO,tryMeLWOCreditDefaultSwapPV,,,
meLWOCreditDefaultSwapRiskyAnnuity,meLWOSwapPricing.cpp,LWO,tryMeLWOCreditDefaultSwapRiskyAnnuity,,,
meLWOCreditDefaultSwapParSpread,meLWOSwapPricing.cpp,LWO,tryMeLWOCreditDefaultSwapParSpread,,,
meLWOCreditDefaultSwapHazardRate,meLWOSwapPricing.cpp,LWO,tryMeLWOCreditDefaultSwapHazardRateFromParSpread,,,
meLWOCreditModelCalibrationParameters,meLWOSwapPricing.cpp,LWO,tryMeLWOCreditModelCalibrationParameters,,,
meLWOCreditModelHazardRate,meLWOSwapPricing.cpp,LWO,tryMeLWOCreditModelHazardRate,,,
meLWOCreditModelSurvivalProbability,meLWOSwapPricing.cpp,LWO,tryMeLWOCreditModelSurvivalProbability,,,
meLWOCreditModelDefaultProbability,meLWOSwapPricing.cpp,LWO,tryMeLWOCreditModelDefaultProbability,,,
meLWOCreditDefaultSwapCS01,meLWOSwapPricing.cpp,LWO,tryMeLWOCreditDefaultSwapCS01,,,
meLWOCreditModelRiskyDiscountFactors,meLWOSwapPricing.cpp,LWO,tryMeLWOCreditModelRiskyDiscountFactors,,,
meLWOConstantMaturitySwapPVWithConvexityAdjustment,meLWOSwapPricing.cpp,LWO,tryMeLWOConstantMaturitySwapPVUsingConvexityAdjustment,,,
meLWOConstantMaturitySwapParRateWithConvexityAdjustment,meLWOSwapPricing.cpp,LWO,tryMeLWOConstantMaturitySwapParRateUsingConvexityAdjustment,,,
meLWOTotalReturnSwapPV,meLWOSwapPricing.cpp,LWO,tryMeLWOTotalReturnSwapPV,,,
meLWOTotalReturnSwapParRate,meLWOSwapPricing.cpp,LWO,tryMeLWOTotalReturnSwapParRate,,,
meLWOTotalReturnSwapParSpread,meLWOSwapPricing.cpp,LWO,tryMeLWOTotalReturnSwapParSpread,,,
meLWOTotalReturnSwapAnnuity,meLWOSwapPricing.cpp,LWO,tryMeLWOTotalReturnSwapAnnuity,,,
meLWOCreditDefaultSwapPVbyIntegration,meLWOSwapPricing.cpp,LWO,,,,
meLWOCreditDefaultSwapPVbyMonteCarlo,meLWOSwapPricing.cpp,LWO,,,,
meLWOCreditModelImpliedSurvivalDate,meLWOSwapPricing.cpp,LWO,tryMeLWOCreditModelImpliedSurvivalDate,,,
meLWOCreditBasketModelCreate,meLWOSwapPricing.cpp,LWO,tryMeLWOCreditBasketModelCreate,,,
meLWOCreditBasketModelSurvivalProbability,meLWOSwapPricing.cpp,LWO,tryMeLWOCreditBasketModelSurvivalProbability,,,
meLWOSwapPVFromObject,meLWOSwapPricing.cpp,LWO,tryMeLWOSwapPV,,,
meLWOSwapParRateFromObject,meLWOSwapPricing.cpp,LWO,tryMeLWOSwapParRate,,,
meLWOSwapPV01FromObject,meLWOSwapPricing.cpp,LWO,tryMeLWOSwapPV01,,,
meLWOSwapSpreadFromObject,meLWOSwapPricing.cpp,LWO,tryMeLWOSwapSpread,,,
meLWOSwapParSpreadFromObject,meLWOSwapPricing.cpp,LWO,tryMeLWOSwapParSpread,,,
meLWOXccySwapSpreadFromObject,meLWOSwapPricing.cpp,LWO,tryMeLWOSwapSpread,,,
meLWOXccySwapParSpreadFromObject,meLWOSwapPricing.cpp,LWO,tryMeLWOSwapParSpread,,,
meLWOCreditSpread,meLWOSwapPricing.cpp,LWO,tryMeLWOCreditSpread,,,
meLWOCreditOptionPV,meLWOSwapPricing.cpp,LWO,tryMeLWOCreditOptionPV,,,
meLWOCreditOptionImpliedVol,meLWOSwapPricing.cpp,LWO,tryMeLWOCreditOptionImpliedVol,,,
meLWOCreditOptionPVFromForward,meLWOSwapPricing.cpp,LWO,tryMeLWOCreditOptionPVFromForward,,,
meLWOCreditIndexOptionPV,meLWOSwapPricing.cpp,LWO,tryMeLWOCreditIndexOptionPV,,,
meLWOCreditOptionImpliedVolFromForward,meLWOSwapPricing.cpp,LWO,tryMeLWOCreditOptionImpliedVolFromForward,,,
meLWOCreditDefaultSwapAccruedYearFraction,meLWOSwapPricing.cpp,LWO,tryMeLWOCreditDefaultSwapAccruedYearFraction,,,
meLWOCreditIndexOptionImpliedVol,meLWOSwapPricing.cpp,LWO,tryMeLWOCreditIndexOptionImpliedVol,,,
meLWOCreditIndexOptionVega,meLWOSwapPricing.cpp,LWO,tryMeLWOCreditIndexOptionVega,,,
meLWOCreditIndexSpread,meLWOSwapPricing.cpp,LWO,tryMeLWOCreditIndexSpread,,,
meLWOCreditIndexOptionCS01,meLWOSwapPricing.cpp,LWO,tryMeLWOCreditIndexOptionCS01,,,
meLWOCreditIndexOptionTheta,meLWOSwapPricing.cpp,LWO,tryMeLWOCreditIndexOptionTheta,,,
meLWOXccySwapCreateFromLegs,meLWOXccySwapCreation.cpp,LWO,tryMeLWOSwapCreateFromLegs,,,
meLWOXccySwapCreateFromSchedule,meLWOXccySwapCreation.cpp,LWO,,,,
meLWOXccySwapCreate,meLWOXccySwapCreation.cpp,LWO,,,,
meLWOXccyVariableNotionalSwapCreate,meLWOXccySwapCreation.cpp,LWO,,,,
meLWOXccySwapCreateFromLegLVBs,meLWOXccySwapCreation.cpp,LWO,,,,
meLWOXccySwapCreateFromGeneratorLVB,meLWOXccySwapCreation.cpp,LWO,,,,
meLWOXccySwapCreateFromGenerator,meLWOXccySwapCreation.cpp,LWO,,,,
meSRTLoanPayment,meLoanCalculations.cpp,SRT,tryMeSRTLoanPayment,,,
meSRTLoanPrincipal,meLoanCalculations.cpp,SRT,tryMeSRTLoanPrincipal,,,
meSRTLoanPrincipalRemaining,meLoanCalculations.cpp,SRT,tryMeSRTLoanPrincipalRemaining,,,
meMathNormalDistributionStandard,meMath.cpp,Math,tryMeMathNormalDistributionStandard,,,
meMathNormalDistributionStandardInverse,meMath.cpp,Math,tryMeMathNormalDistributionStandardInverse,,,
meMathNormalDistribution,meMath.cpp,Math,tryMeMathNormalDistribution,,,
meMathNormalDistributionInverse,meMath.cpp,Math,tryMeMathNormalDistributionInverse,,,
meMathNormalDistributionStandardPDF,meMath.cpp,Math,tryMeMathNormalDistributionStandardPDF,,,
meMathNormalDistributionPDF,meMath.cpp,Math,tryMeMathNormalDistributionPDF,,,
meMathBlackScholesPrice,meMath.cpp,Math,tryMeMathBlackScholesPrice,,,
meMathBlackScholesDeltaSpot,meMath.cpp,Math,tryMeMathBlackScholesDeltaSpot,,,
meMathBlackScholesGamma,meMath.cpp,Math,tryMeMathBlackScholesGamma,,,
meMathBlackScholesVega,meMath.cpp,Math,tryMeMathBlackScholesVega,,,
meMathBlackScholesTheta,meMath.cpp,Math,tryMeMathBlackScholesTheta,,,
meMathBlackScholesRho,meMath.cpp,Math,tryMeMathBlackScholesRho,,,
meMathBlackScholesDeltaForward,meMath.cpp,Math,tryMeMathBlackScholesDeltaForward,,,
meMathBlackScholesImpliedVol,meMath.cpp,Math,tryMeMathBlackScholesImpliedVol,,,
meMathBlackScholesPrices,meMath.cpp,Math,,,,
meMathBlackScholesImpliedVols,meMath.cpp,Math,,,,
meMathEuropeanIRSwaptionPrice,meMath.cpp,Math,tryMeMathEuropeanIRSwaptionPrice,,,
meMathEuropeanIRSwaptionPrices,meMath.cpp,Math,,,,
meMathEuropeanIRSwaptionImpliedVol,meMath.cpp,Math,tryMeMathEuropeanIRSwaptionImpliedVol,,,
meMathEuropeanIRSwaptionImpliedVols,meMath.cpp,Math,,,,
meMathCapletFloorletPrice,meMath.cpp,Math,tryMeMathCapletFloorletPrice,,,
meMathCapletFloorletPrices,meMath.cpp,Math,,,,
meMathCapletFloorletImpliedVol,meMath.cpp,Math,tryMeMathCapletFloorletImpliedVol,,,
meMathCapletFloorletImpliedVols,meMath.cpp,Math,,,,
meMathEuropeanIRSwaptionCashAnnuity,meMath.cpp,Math,tryMeMathEuropeanIRSwaptionCashAnnuity,,,
meMathEuropeanIRSwaptionDelta,meMath.cpp,Math,tryMeMathEuropeanIRSwaptionDelta,,,
meMathEuropeanIRSwaptionGamma,meMath.cpp,Math,tryMeMathEuropeanIRSwaptionGamma,,,
meMathEuropeanIRSwaptionVega,meMath.cpp,Math,tryMeMathEuropeanIRSwaptionVega,,,
meMathEuropeanIRSwaptionTheta,meMath.cpp,Math,tryMeMathEuropeanIRSwaptionTheta,,,
meMathIntegrateUsingTerms,meMath.cpp,Math,,,,
meMathIntegrate,meMath.cpp,Math,,,,
meMathLiborConvexityAdjustmentInArrears,meMath.cpp,Math,tryMeMathLiborConvexityAdjustmentInArrears,,,
meMathLiborRateInArrears,meMath.cpp,Math,tryMeMathLiborRateInArrears,,,
meMathVolatilityToNormalFromLognormal,meMath.cpp,Math,tryMeMathVolatilityToNormalFromLognormal,,,
meMathVolatilityToLognormalFromNormal,meMath.cpp,Math,tryMeMathVolatilityToLognormalFromNormal,,,
meMathVolatilityToShiftedLognormalFromLognormal,meMath.cpp,Math,tryMeMathVolatilityToShiftedLognormalFromLognormal,,,
meMathVolatilityToLognormalFromShiftedLognormal,meMath.cpp,Math,tryMeMathVolatilityToLognormalFromShiftedLognormal,,,
meMathVolatilityToShiftedLognormalFromNormal,meMath.cpp,Math,tryMeMathVolatilityToShiftedLognormalFromNormal,,,
meMathVolatilityToNormalFromShiftedLognormal,meMath.cpp,Math,tryMeMathVolatilityToNormalFromShiftedLognormal,,,
meMathLiborConvexityAdjustmentForArbitraryFixingDate,meMath.cpp,Math,,,,
meMathLiborRateForArbitraryFixingDate,meMath.cpp,Math,,,,
meMathPolynomialInterpolation,meMath.cpp,Math,tryMeMathPolynomialInterpolation,,,
meMathPolynomialInterpolations,meMath.cpp,Math,tryMeMathPolynomialInterpolations,,,
meMathPolynomialIntegration,meMath.cpp,Math,tryMeMathPoynomialIntegration,,,
meMathPolynomialIntegrations,meMath.cpp,Math,tryMeMathPoynomialIntegrations,,,
meMathForwardRates,meMath.cpp,Math,,,,
meMathDiscountFactors,meMath.cpp,Math,,,,
meMathForwardRatesUsingLAInterpolation,meMath.cpp,Math,,,,
meMathDiscountFactorsUsingLAInterpolation,meMath.cpp,Math,,,,
meProductAssetSwapSpread,meProducts.cpp,Product,tryMeProductAssetSwapSpread,,,
meProductSwapParRate,meProducts.cpp,Product,tryMeProductSwapParRate,,,
meProductSwapPV,meProducts.cpp,Product,tryMeProductSwapPV,,,
meProductOISParRate,meProducts.cpp,ProductOIS,tryMeProductOISParRate,,,
meProductOISPV,meProducts.cpp,ProductOISPV,tryMeProductOISPV,,,
meProductSwapPV01,meProducts.cpp,Product,tryMeProductSwapPV01,,,
meProductSwapSchedule,meProducts.cpp,Product,tryMeProductSwapSchedule,,,
meProductSwapScheduleFixed,meProducts.cpp,Product,tryMeProductSwapScheduleFixed,,,
meProductSwapScheduleFloat,meProducts.cpp,Product,tryMeProductSwapScheduleFloat,,,
meProductSwapStubRate,meProducts.cpp,Product,tryMeProductSwapStubRate,,,
meProductSwapDV01,meProducts.cpp,Product,tryMeProductSwapDV01,,,
meProductSwapDeltaLadder,meProducts.cpp,Product,,,,
meProductSwapLegDisplay,meProducts.cpp,Product,tryMeProductSwapLegDisplay,,,
meProductSwapLegPV,meProducts.cpp,Product,tryMeProductSwapLegPV,,,
meProductSwapLegAnnuity,meProducts.cpp,Product,tryMeProductSwapLegAnnuity,,,
meProductBondSchedule,meProducts.cpp,Product,tryMeProductBondSchedule,,,
meCurveFuturePriceToFraRate,meProducts.cpp,Curve,tryMeProductFuturePriceToFraRate,,,
meCurveFuturePriceToFraRateFromConvAdj,meProducts.cpp,Curve,tryMeProductFuturePriceToFraRateFromConvAdj,,,
meProductSwapStubFixingDate,meProducts.cpp,Product,tryMeProductSwapStubFixingDate,,,
mirSwapStubRate,meProducts.cpp,,,,,
meSRTSupervisoryFormula,meSupervisoryRules.cpp,SRT,tryMeSRTSupervisoryFormula,,,
meSRTSecIrbaRiskWeight,meSupervisoryRules.cpp,SRT,tryMeSRTSecIrbaRiskWeight,,,
meSwapResultsEnable,meSwap.cpp,Swap,tryMeSwapResultsEnable,,,
meSwapResultsIsEnabled,meSwap.cpp,Swap,tryMeSwapResultsIsEnabled,,,
meSwapResultsRiskUpdate,meSwap.cpp,Swap,tryMeSwapResultsRiskUpdate,,,
meSwapResultsDiscountRiskUpdate,meSwap.cpp,Swap,tryMeSwapResultsDiscountRiskUpdate,,,
meSwapResultsForwardRiskUpdate,meSwap.cpp,Swap,tryMeSwapResultsForwardRiskUpdate,,,
meSwapResultsDelete,meSwap.cpp,Swap,tryMeSwapResultsDelete,,,
meSwapResultsDeleteAll,meSwap.cpp,Swap,tryMeSwapResultsDeleteAll,,,
meSwapResultsRiskTotals,meSwap.cpp,Swap,tryMeSwapResultsRiskTotals,,,
meSwapResultsDisplay,meSwap.cpp,Swap,tryMeSwapResultsDisplay,,,
meUtilityVersion,meUtilities.cpp,Utility,tryMeUtilityVersion,,,
meUtilityRecord,meUtilities.cpp,Utility,tryMeUtilityRecord,,,
meUtilityReplay,meUtilities.cpp,Utility,tryMeUtilityReplay,,,
meUtilityClearEntityPool,meUtilities.cpp,Utility,tryMeUtilityClearEntityPool,,,
meUtilityLoadStaticData,meUtilities.cpp,Utility,tryMeUtilityLoadStaticData,,,
meUtilityLoadCalendarFile,meUtilities.cpp,Utility,tryMeUtilityLoadCalendarFile,,,
meUtilityInterpolation,meUtilities.cpp,Utility,tryMeUtilityInterpolation,,,
meUtilityLVBFromKeysValues,meUtilities.cpp,UtilityLVB,tryMeUtilityLVBFromKeysValues,,,
meUtilityLVB,meUtilities.cpp,UtilityLVB,tryMeUtilityLVB,,,
meUtilityLVBGroup,meUtilities.cpp,UtilityLVB,tryMeUtilityLVBGroup,,,
meUtilityPCA,meUtilities.cpp,UtilityPCA,tryMeUtilityPCA,,,
meUtilityLVBFromMultipleKeysValues,meUtilities.cpp,UtilityLVB,,,,
meUtilityLWODecorateNames,meUtilities.cpp,UtilityLWO,,,,
meLWOType,meUtilities.cpp,LWO,tryMeLWOType,,,
meLWOList,meUtilities.cpp,LWO,tryMeLWOList,,,
meLWODelete,meUtilities.cpp,LWO,tryMeLWOExists,,,
meLWODeleteAll,meUtilities.cpp,LWO,tryMeLWOList,,,
meLWOExists,meUtilities.cpp,LWO,tryMeLWOExists,,,
meLWOLoad,meUtilities.cpp,LWO,tryMeLWOLoad,,,
meLWOSave,meUtilities.cpp,LWO,tryMeLWOSave,,,
meLWOLoadFromString,meUtilities.cpp,LWO,tryMeLWOLoadFromString,,,
meUtilityResize,meUtilities.cpp,Utility,,,,
meUtilityClearLWOCache,meUtilities.cpp,Utility,tryMeUtilityClearLWOCache,,,
meUtilityLVBFromKeysAndMultipleValues,meUtilities.cpp,UtilityLVB,tryMeUtilityLVBFromKeysAndMultipleValues,,,
meUtilityLoadConfigurationFiles,meUtilities.cpp,Utility,tryMeUtilityLoadConfigurationFiles,,,
meUtilityThreadsEnableLocks,meUtilities.cpp,Utility,,,,
meUtilityClean,meUtilities.cpp,Utility,,,,
meUtilityAppend,meUtilities.cpp,Utility,,,,
meUtilityDataFilter,meUtilities.cpp,Utility,tryMeUtilityDataFilter,,,
meUtilityMLIBSetUp,meUtilities.cpp,UtilityMLIB,trySetupAQL,,,
meUtilityMLIBTearDown,meUtilities.cpp,UtilityMLIB,tryTearDownAQL,,,
meUtilityTermsToDates,meUtilities.cpp,Utility,tryMeUtilityTermsToDates,,,
meUtilityDatesToTerms,meUtilities.cpp,Utility,tryMeUtilityDatesToTerms,,,
meLWOQuickLoad,meUtilities.cpp,LWO,tryMeLWOQuickLoad,,,
meLWOQuickSave,meUtilities.cpp,LWO,tryMeLWOQuickSave,,,
meUtilityParallelModeEnable,meUtilities.cpp,Utility,tryMeUtilityParallelModeEnable,,,
meUtilityParallelModeStatus,meUtilities.cpp,Utility,tryMeUtilityParallelModeStatus,,,
meUtilityValuationSettingsDisplay,meUtilities.cpp,Utility,tryMeUtilityValuationSettingsDisplay,,,
meSABRSetupSwaptionVol,meVols.cpp,SABR,tryMeSABRSetupSwaptionVol,,,
meSABRGetPrem,meVols.cpp,SABR,tryMeSABRGetPrem,,,
meSABRCalibrate,meVols.cpp,SABR,,,,
meSABRGetVol,meVols.cpp,SABR,tryMeSABRGetVol,,,
meSABRSetupParameter,meVols.cpp,SABR,tryMeSABRSetupParameter,,,
meSABROutputParameter,meVols.cpp,SABR,tryMeSABROutputParameter,,,
meSABRSetupConvention,meVols.cpp,SABR,tryMeSABRSetupConvention,,,
mscCashflowEngineCreate,mscCashflowEngine.cpp,Cashflow,tryMscCashflowEngineCreate,,,
mscCashflowEngineConfigure,mscCashflowEngine.cpp,Cashflow,,,,
mscCashflowEngineEvaluate,mscCashflowEngine.cpp,Cashflow,tryMscCashflowEngineEvaluate,,,
mscCashflowEngineLiabilityFlows,mscCashflowEngine.cpp,Cashflow,tryMscCashflowEngineLiabilityFlows,,,
mscCashflowEngineSetSyntheticExcessSpread,mscCashflowEngine.cpp,Cashflow,tryMscCashflowEngineSetSyntheticExcessSpread,,,
mscCashflowEngineValidateEquilibrium,mscCashflowEngine.cpp,Cashflow,tryMscCashflowEngineValidateEquilibrium,,,
mscDataFrameCreateFromFilename,mscDataFrame.cpp,Data,tryMscDataFrameCreateFromFile,,,
mscDataFrameDisplay,mscDataFrame.cpp,Data,tryMscDataFrameDisplay,,,
mscDataFrameAddColumn,mscDataFrame.cpp,Data,tryMscDataFrameAddColumn,,,
mscDataFrameCreateFromBlock,mscDataFrame.cpp,Data,tryMscDataFrameCreateFromBlock,,,
mscLoanPortfolioCreate,mscLoanPortfolio.cpp,Loan,tryMscLoanPortfolioCreate,,,
mscLoanPortfolioSetPortfolioTape,mscLoanPortfolio.cpp,Loan,tryMscLoanPortfolioSetPortfolioTape,,,
mscLoanPortfolioProjectLoans,mscLoanPortfolio.cpp,Loan,tryMscLoanPortfolioProjectLoans,,,
mscLoanPortfolioGetLoanProjection,mscLoanPortfolio.cpp,Loan,tryMscLoanPortfolioGetLoanProjection,,,
mscLoanPortfolioSeedReinvestmentPortfolio,mscLoanPortfolio.cpp,Loan,tryMscLoanPortfolioSeedReinvestmentPortfolio,,,
mscSyntheticExcessSpreadCreate,mscSyntheticExcessSpread.cpp,Synthetic,tryMscSyntheticExcessSpreadCreate,,,
mscSyntheticExcessSpreadSetThreshold,mscSyntheticExcessSpread.cpp,Synthetic,tryMscSyntheticExcessSpreadSetThreshold,,,
mscTrancheDefinitionCreate,mscTranche.cpp,Tranche,tryMscTrancheDefinitionCreate,,,
mscTrancheCalculatePV,mscTranche.cpp,Tranche,tryMscTrancheCalculatePV,,,
mscTrancheCalculatePVDiscountMargin,mscTranche.cpp,Tranche,tryMscTrancheCalculatePVDiscountMargin,,,
mscTrancheCalculateIRR,mscTranche.cpp,Tranche,tryMscTrancheCalculateIRR,,,
mscTriggerCreate,mscTrigger.cpp,Trigger,tryMscTriggerCreate,,,
mscTriggerSetThreshold,mscTrigger.cpp,Trigger,tryMscTriggerSetThreshold,,,
mscTriggerSetThresholdRange,mscTrigger.cpp,Trigger,tryMscTriggerSetThresholdRange,,,
mscTriggerSetThresholdVector,mscTrigger.cpp,Trigger,tryMscTriggerSetThresholdVector,,,
