ECB,BoE,Fed
20150122,,
20150305,,
20150415,,
20150603,,
20150716,,
20150903,,
20151022,,
20151203,,
20160121,,
20160310,,
20160421,,
20160602,,
20160721,,
20160908,,
20161020,,
20161208,,
20170119,,
20170309,,
20170427,,
20170608,,
20170720,,
20170907,,
20171026,,
20171214,,
20180125,,
20180308,,
20180426,,
20180614,,
20180726,,
20180913,,
20181025,,
20181213,,
20190124,,
20190307,,
20190410,,
20190606,,
20190725,,
20190912,,
20191024,,
20191212,,
20200121,,
20200320,,
20200430,,
20200604,,
20200716,,
20200910,,
20201029,,
20201210,,
20210121,,
20210311,,
20210422,,
20210722,,
20210909,,
20211028,,
20211216,,
