public_name,category,surface,validation_wrapper,public_header,wrapper_header
aqAssetSwapSpread,AssetSwap,stateless,tryAqAssetSwapSpread,src/AQ_API/source/aqAssetSwapSpread.h,src/validation/include/tryAqAssetSwapSpread.h
aqAssetSwapSpreadLVBKeys,AssetSwap,stateless,tryAqAssetSwapSpreadLVBKeys,src/AQ_API/source/aqAssetSwapSpread.h,src/validation/include/tryAqAssetSwapSpread.h
aqBondsCurveNelsonSiegelCalibrate,Bonds,stateless,tryAqBondsCurveNelsonSiegelCalibrate,src/AQ_API/source/aqBondsCurve.h,src/validation/include/tryAqBondsCurves.h
aqBondsCurveNelsonSiegelYield,Bonds,stateless,tryAqBondsCurveNelsonSiegelYield,src/AQ_API/source/aqBondsCurve.h,src/validation/include/tryAqBondsCurves.h
aqBondsCurvePolynomialCalibrate,Bonds,stateless,tryAqBondsCurvePolynomialCalibrate,src/AQ_API/source/aqBondsCurve.h,src/validation/include/tryAqBondsCurves.h
aqBondsCurvePolynomialYield,Bonds,stateless,tryAqBondsCurvePolynomialYield,src/AQ_API/source/aqBondsCurve.h,src/validation/include/tryAqBondsCurves.h
aqBondsCurveSvenssonCalibrate,Bonds,stateless,tryAqBondsCurveSvenssonCalibrate,src/AQ_API/source/aqBondsCurve.h,src/validation/include/tryAqBondsCurves.h
aqBondsCurveSvenssonYield,Bonds,stateless,tryAqBondsCurveSvenssonYield,src/AQ_API/source/aqBondsCurve.h,src/validation/include/tryAqBondsCurves.h
aqCurvesCalibrateBasis,Curves,stateless,tryAqCurvesCalibrateBasis,src/AQ_API/source/aqCurvesCalibrateBasis.h,src/validation/include/tryAqCurvesCalibrateBasis.h
aqCurvesCalibrateFXForwards,Curves,stateless,tryAqCurvesCalibrateFXForwards,src/AQ_API/source/aqCurvesCalibrateFXForwards.h,src/validation/include/tryAqCurvesCalibrateFXForwards.h
aqCurvesCalibrateOIS,Curves,stateless,tryAqCurvesCalibrateOIS,src/AQ_API/source/aqCurvesCalibrateOIS.h,src/validation/include/tryAqCurvesCalibrateOIS.h
aqCurvesCalibrateSwap,Curves,stateless,tryAqCurvesCalibrateSwap,src/AQ_API/source/aqCurvesCalibrateSwap.h,src/validation/include/tryAqCurvesCalibrateSwap.h
aqCurvesCompoundRate,Curves,stateless,tryAqCurvesCompoundRate,src/AQ_API/source/aqCurvesCompoundRate.h,src/validation/include/tryAqCurvesCompoundRate.h
aqCurvesDiscountFactors,Curves,stateless,tryAqCurvesDiscountFactors,src/AQ_API/source/aqCurvesDiscountFactor.h,src/validation/include/tryAqCurvesDiscountFactor.h
aqCurvesDiscountFactorsForwardStarting,Curves,stateless,tryAqCurvesDiscountFactorsForwardStarting,src/AQ_API/source/aqCurvesDiscountFactor.h,src/validation/include/tryAqCurvesDiscountFactor.h
aqCurvesDiscountFactorsForwardStartingFromTenor,Curves,stateless,tryAqCurvesDiscountFactorsForwardStartingFromTenor,src/AQ_API/source/aqCurvesDiscountFactor.h,src/validation/include/tryAqCurvesDiscountFactor.h
aqCurvesDiscountFactorsForwardStartingFromYearFractions,Curves,stateless,tryAqCurvesDiscountFactorsForwardStartingFromYearFractions,src/AQ_API/source/aqCurvesDiscountFactor.h,src/validation/include/tryAqCurvesDiscountFactor.h
aqCurvesDiscountFactorsFromTenors,Curves,stateless,tryAqCurvesDiscountFactorsFromTenors,src/AQ_API/source/aqCurvesDiscountFactor.h,src/validation/include/tryAqCurvesDiscountFactor.h
aqCurvesDiscountFactorsFromYearFractions,Curves,stateless,tryAqCurvesDiscountFactorsFromYearFractions,src/AQ_API/source/aqCurvesDiscountFactor.h,src/validation/include/tryAqCurvesDiscountFactor.h
aqCurvesDisplay,Curves,stateless,tryAqCurvesDisplay,src/AQ_API/source/aqCurvesDisplay.h,src/validation/include/tryAqCurvesDisplay.h
aqCurvesDualBootstrap,Curves,stateless,tryAqCurvesDualBootstrap,src/AQ_API/source/aqCurvesDualBootstrap.h,src/validation/include/tryAqCurvesDualBootstrap.h
aqCurvesForwardRates,Curves,stateless,tryAqCurvesForwardRates,src/AQ_API/source/aqCurvesForwardRate.h,src/validation/include/tryAqCurvesForwardRate.h
aqCurvesForwardRatesFromForwardDates,Curves,stateless,tryAqCurvesForwardRatesFromForwardDates,src/AQ_API/source/aqCurvesForwardRate.h,src/validation/include/tryAqCurvesForwardRate.h
aqCurvesForwardRatesFromYearFraction,Curves,stateless,tryAqCurvesForwardRatesFromYearFraction,src/AQ_API/source/aqCurvesForwardRate.h,src/validation/include/tryAqCurvesForwardRate.h
aqCurvesGetInterpolationJoinDate,Curves,stateless,tryAqCurvesGetInterpolationJoinDate,src/AQ_API/source/aqCurvesGetInterpolationJoinDate.h,src/validation/include/tryAqCurvesGetInterpolationJoinDate.h
aqCurvesInterpolationJoinDate,Curves,stateless,tryAqCurvesInterpolationJoinDate,src/AQ_API/source/aqCurvesInterpolationJoinDate.h,src/validation/include/tryAqCurvesInterpolation.h
aqCurvesResultsDisplayDiscountFactors,Curves,stateless,tryAqCurvesResultsDiscountFactorsDisplayAll,src/AQ_API/source/aqCurvesResults.h,
aqCurvesZeroRatesFromTenors,Curves,stateless,tryAqCurvesZeroRatesFromTenors,src/AQ_API/source/aqCurvesZeroRate.h,src/validation/include/tryAqCurvesZeroRate.h
aqCurvesZeroRatesFromYearFractions,Curves,stateless,tryAqCurvesZeroRatesFromYearFractions,src/AQ_API/source/aqCurvesZeroRate.h,src/validation/include/tryAqCurvesZeroRate.h
aqDatesBusinessDays,Dates,stateless,tryAqDatesBusinessDays,src/AQ_API/source/aqDates.h,src/validation/include/tryAqDates.h
aqDatesCentralBank,Dates,stateless,tryAqDatesCentralBank,src/AQ_API/source/aqDatesCentralBank.h,src/validation/include/tryAqDatesCentralBank.h
aqDatesECB,Dates,stateless,tryAqDatesECB,src/AQ_API/source/aqDatesCentralBank.h,src/validation/include/tryAqDatesCentralBank.h
aqDatesECBSwapEnd,Dates,stateless,tryAqDatesECBSwapEnd,src/AQ_API/source/aqDatesCentralBank.h,src/validation/include/tryAqDatesCentralBank.h
aqDatesECBSwapStart,Dates,stateless,tryAqDatesECBSwapStart,src/AQ_API/source/aqDatesCentralBank.h,src/validation/include/tryAqDatesCentralBank.h
aqDatesFromTenor,Dates,stateless,tryAqDatesFromTenor,src/AQ_API/source/aqDates.h,src/validation/include/tryAqDates.h
aqDatesFromYearFraction,Dates,stateless,tryAqDatesFromYearFraction,src/AQ_API/source/aqDates.h,src/validation/include/tryAqDates.h
aqDatesIMMFromMonth,Dates,stateless,tryAqDatesIMMFromMonth,src/AQ_API/source/aqDatesIMM.h,src/validation/include/tryAqDatesIMM.h
aqDatesNthIMM,Dates,stateless,tryAqDatesNthIMM,src/AQ_API/source/aqDatesIMM.h,src/validation/include/tryAqDatesIMM.h
aqDatesNthIMMFromStartDate,Dates,stateless,tryAqDatesNthIMMFromStartDate,src/AQ_API/source/aqDatesIMM.h,src/validation/include/tryAqDatesIMM.h
aqDatesShiftedSpotDate,Dates,stateless,tryAqDatesShiftedSpotDate,src/AQ_API/source/aqDates.h,src/validation/include/tryAqDates.h
aqDatesYearFraction,Dates,stateless,tryAqDatesYearFraction,src/AQ_API/source/aqDates.h,src/validation/include/tryAqDates.h
aqOISPV,(lifecycle),stateless,tryAqOISPV,src/AQ_API/source/aqOISPV.h,src/validation/include/tryAqOISPV.h
aqOISPVLVBKeys,(lifecycle),stateless,tryAqOISPVLVBKeys,src/AQ_API/source/aqOISPV.h,src/validation/include/tryAqOISPV.h
aqOISParRate,(lifecycle),stateless,tryAqOISParRate,src/AQ_API/source/aqOISParRate.h,src/validation/include/tryAqOISParRate.h
aqOISParRateLVBKeys,(lifecycle),stateless,tryAqOISParRateLVBKeys,src/AQ_API/source/aqOISParRate.h,src/validation/include/tryAqOISParRate.h
aqObjBondsCleanPrice,Bonds,aqObj,tryAqObjBondsCleanPrice,src/AQ_API/source/aqObjBondsPrice.h,src/validation/include/tryAqObjBonds.h
aqObjBondsCreate,Bonds,aqObj,tryAqObjBondsCreate,src/AQ_API/source/aqObjBondsCreate.h,src/validation/include/tryAqObjBonds.h
aqObjBondsCreateFromGenerator,Bonds,aqObj,tryAqObjBondsCreateFromGenerator,src/AQ_API/source/aqObjBondsCreate.h,src/validation/include/tryAqObjBonds.h
aqObjBondsDirtyPrice,Bonds,aqObj,tryAqObjBondsDirtyPrice,src/AQ_API/source/aqObjBondsPrice.h,src/validation/include/tryAqObjBonds.h
aqObjBondsDisplayCashflows,Bonds,aqObj,tryAqObjBondsDisplayCashflows,src/AQ_API/source/aqBondsCurve.h,src/validation/include/tryAqObjBonds.h
aqObjBondsDisplaySchedule,Bonds,aqObj,tryAqObjBondsDisplaySchedule,src/AQ_API/source/aqBondsCurve.h,src/validation/include/tryAqObjBonds.h
aqObjBondsForwardPrice,Bonds,aqObj,tryAqObjBondsForwardPrice,src/AQ_API/source/aqObjBondsPrice.h,src/validation/include/tryAqObjBonds.h
aqObjBondsPrice,Bonds,aqObj,tryAqObjBondsPrice,src/AQ_API/source/aqObjBondsPrice.h,src/validation/include/tryAqObjBonds.h
aqObjBondsYield,Bonds,aqObj,tryAqObjBondsYield,src/AQ_API/source/aqObjBondsPrice.h,src/validation/include/tryAqObjBonds.h
aqObjClearCache,(lifecycle),aqObj,tryAqObjClearCache,src/AQ_API/source/aqToolsSetup.h,src/validation/include/tryAqToolsSetup.h
aqObjCreditDefaultSwapCS01,Credit,aqObj,tryAqObjCreditDefaultSwapCS01,src/AQ_API/source/aqObjCredit.h,src/validation/include/tryAqObjSwapsPricing.h
aqObjCreditDefaultSwapPV,Credit,aqObj,tryAqObjCreditDefaultSwapPV,src/AQ_API/source/aqObjCredit.h,src/validation/include/tryAqObjSwapsPricing.h
aqObjCreditDefaultSwapParSpread,Credit,aqObj,tryAqObjCreditDefaultSwapParSpread,src/AQ_API/source/aqObjCredit.h,src/validation/include/tryAqObjSwapsPricing.h
aqObjCreditDefaultSwapRiskyAnnuity,Credit,aqObj,tryAqObjCreditDefaultSwapRiskyAnnuity,src/AQ_API/source/aqObjCredit.h,src/validation/include/tryAqObjSwapsPricing.h
aqObjCreditModelCreate,Credit,aqObj,tryAqObjCreditModelCreate,src/AQ_API/source/aqObjCredit.h,src/validation/include/tryAqObjSwapsPricing.h
aqObjCreditModelDefaultProbability,Credit,aqObj,tryAqObjCreditModelDefaultProbability,src/AQ_API/source/aqObjCredit.h,src/validation/include/tryAqObjSwapsPricing.h
aqObjCreditModelHazardRate,Credit,aqObj,tryAqObjCreditModelHazardRate,src/AQ_API/source/aqObjCredit.h,src/validation/include/tryAqObjSwapsPricing.h
aqObjCreditModelRiskyDiscountFactor,Credit,aqObj,tryAqObjCreditModelRiskyDiscountFactors,src/AQ_API/source/aqObjCredit.h,
aqObjCreditModelRiskyDiscountFactors,Credit,aqObj,tryAqObjCreditModelRiskyDiscountFactors,src/AQ_API/source/aqObjCredit.h,src/validation/include/tryAqObjSwapsPricing.h
aqObjCreditModelSurvivalProbability,Credit,aqObj,tryAqObjCreditModelSurvivalProbability,src/AQ_API/source/aqObjCredit.h,src/validation/include/tryAqObjSwapsPricing.h
aqObjCurvesCalibrate,Curves,aqObj,tryAqObjCurvesCalibrate,src/AQ_API/source/aqObjCurves.h,src/validation/include/tryAqObjCurvesCalibrate.h
aqObjCurvesDiscountFactorsWithSpread,Curves,aqObj,tryAqObjCurvesDiscountFactorsWithSpread,src/AQ_API/source/aqObjCurves.h,src/validation/include/tryAqObjCurvesDiscountFactor.h
aqObjCurvesDisplay,Curves,aqObj,tryAqObjCurvesDisplay,src/AQ_API/source/aqObjCurves.h,src/validation/include/tryAqObjCurvesDisplay.h
aqObjCurvesMarketDataCreate,Curves,aqObj,tryAqObjCurvesMarketDataCreate,src/AQ_API/source/aqObjCurves.h,src/validation/include/tryAqObjCurvesMarketData.h
aqObjCurvesMarketDataCreateUsingMultipleBlocks,Curves,aqObj,tryAqObjCurvesMarketDataCreate,src/AQ_API/source/aqObjCurves.h,
aqObjCurvesMarketDataDisplay,Curves,aqObj,tryAqObjCurvesMarketDataDisplay,src/AQ_API/source/aqObjCurves.h,src/validation/include/tryAqObjCurvesMarketData.h
aqObjCurvesMarketDataDisplayFromCurve,Curves,aqObj,tryAqObjCurvesMarketDataDisplayFromCurve,src/AQ_API/source/aqObjCurves.h,src/validation/include/tryAqObjCurvesMarketData.h
aqObjLoad,(lifecycle),aqObj,tryAqObjLoad,src/AQ_API/source/aqObjects.h,src/validation/include/tryAqObjects.h
aqObjRatesFixingTableCreate,Rates,aqObj,tryAqObjRatesFixingTableCreate,src/AQ_API/source/aqObjCurves.h,src/validation/include/tryAqObjRatesFixingTable.h
aqObjRatesFixingTableDisplay,Rates,aqObj,tryAqObjRatesFixingTableDisplay,src/AQ_API/source/aqObjCurves.h,src/validation/include/tryAqObjRatesFixingTable.h
aqObjRatesFixingTableValue,Rates,aqObj,tryAqObjRatesFixingTableValue,src/AQ_API/source/aqObjCurves.h,src/validation/include/tryAqObjRatesFixingTable.h
aqObjRatesFixingTableValues,Rates,aqObj,tryAqObjRatesFixingTableValues,src/AQ_API/source/aqObjCurves.h,src/validation/include/tryAqObjRatesFixingTable.h
aqObjSave,(lifecycle),aqObj,tryAqObjSave,src/AQ_API/source/aqObjects.h,src/validation/include/tryAqObjects.h
aqObjSwapsAnnuity,Swaps,aqObj,tryAqObjSwapsAnnuity,src/AQ_API/source/aqObjSwapsPrice.h,src/validation/include/tryAqObjSwapsPricing.h
aqObjSwapsCreate,Swaps,aqObj,tryAqObjSwapsCreate,src/AQ_API/source/aqObjSwapsCreate.h,src/validation/include/tryAqObjSwapsCreation.h
aqObjSwapsCreateFromGenerator,Swaps,aqObj,tryAqObjSwapsCreateFromGenerator,src/AQ_API/source/aqObjSwapsCreate.h,src/validation/include/tryAqObjSwapsCreation.h
aqObjSwapsDisplayCashflows,Swaps,aqObj,tryAqObjSwapsDisplayCashflows,src/AQ_API/source/aqObjSwapsPrice.h,src/validation/include/tryAqObjSwapsPricing.h
aqObjSwapsPV,Swaps,aqObj,tryAqObjSwapsPV,src/AQ_API/source/aqObjSwapsPrice.h,src/validation/include/tryAqObjSwapsPricing.h
aqObjSwapsPV01,Swaps,aqObj,tryAqObjSwapsPV01,src/AQ_API/source/aqObjSwapsPrice.h,src/validation/include/tryAqObjSwapsPricing.h
aqObjSwapsParRate,Swaps,aqObj,tryAqObjSwapsParRate,src/AQ_API/source/aqObjSwapsPrice.h,src/validation/include/tryAqObjSwapsPricing.h
aqObjSwapsParSpread,Swaps,aqObj,tryAqObjSwapsParSpread,src/AQ_API/source/aqObjSwapsPrice.h,src/validation/include/tryAqObjSwapsPricing.h
aqObjSwapsSpread,Swaps,aqObj,tryAqObjSwapsSpread,src/AQ_API/source/aqObjSwapsPrice.h,src/validation/include/tryAqObjSwapsPricing.h
aqObjSwapsUSDSpotDate,Swaps,aqObj,tryAqCurvesUSDSpotDate,src/AQ_API/source/aqDates.h,
aqObjToolsGridDisplay,Tools,aqObj,tryAqObjToolsGridDisplay,src/AQ_API/source/aqObjToolsGrids.h,src/validation/include/tryAqObjToolsGrid.h
aqObjTotalReturnSwapAnnuity,TotalReturnSwap,aqObj,tryAqObjTotalReturnSwapAnnuity,src/AQ_API/source/aqObjCredit.h,src/validation/include/tryAqObjSwapsPricing.h
aqObjTotalReturnSwapPV,TotalReturnSwap,aqObj,tryAqObjTotalReturnSwapPV,src/AQ_API/source/aqObjCredit.h,src/validation/include/tryAqObjSwapsPricing.h
aqObjTotalReturnSwapParRate,TotalReturnSwap,aqObj,tryAqObjTotalReturnSwapParRate,src/AQ_API/source/aqObjCredit.h,src/validation/include/tryAqObjSwapsPricing.h
aqObjTotalReturnSwapParSpread,TotalReturnSwap,aqObj,tryAqObjTotalReturnSwapParSpread,src/AQ_API/source/aqObjCredit.h,src/validation/include/tryAqObjSwapsPricing.h
aqSwapsDV01,Swaps,stateless,tryAqSwapsDV01,src/AQ_API/source/aqSwapsDV01.h,src/validation/include/tryAqSwapsDV01.h
aqSwapsDV01LVBKeys,Swaps,stateless,tryAqSwapsDV01LVBKeys,src/AQ_API/source/aqSwapsDV01.h,src/validation/include/tryAqSwapsDV01.h
aqSwapsPV,Swaps,stateless,tryAqSwapsPV,src/AQ_API/source/aqSwapsPV.h,src/validation/include/tryAqSwapsPV.h
aqSwapsPV01,Swaps,stateless,tryAqSwapsPV01,src/AQ_API/source/aqSwapsPV01.h,src/validation/include/tryAqSwapsPV01.h
aqSwapsPV01LVBKeys,Swaps,stateless,tryAqSwapsPV01LVBKeys,src/AQ_API/source/aqSwapsPV01.h,src/validation/include/tryAqSwapsPV01.h
aqSwapsParRate,Swaps,stateless,tryAqSwapsParRate,src/AQ_API/source/aqSwapsParRate.h,src/validation/include/tryAqSwapsParRate.h
aqSwapsParRateLVBKeys,Swaps,stateless,tryAqSwapsParRateLVBKeys,src/AQ_API/source/aqSwapsParRate.h,src/validation/include/tryAqSwapsParRate.h
aqSwapsSchedule,Swaps,stateless,tryAqSwapsSchedule,src/AQ_API/source/aqSwapsSchedule.h,src/validation/include/tryAqSwapsSchedule.h
aqSwapsScheduleFixed,Swaps,stateless,tryAqSwapsScheduleFixed,src/AQ_API/source/aqSwapsSchedule.h,src/validation/include/tryAqSwapsSchedule.h
aqSwapsScheduleFloat,Swaps,stateless,tryAqSwapsScheduleFloat,src/AQ_API/source/aqSwapsSchedule.h,src/validation/include/tryAqSwapsSchedule.h
aqSwapsScheduleLVBKeys,Swaps,stateless,tryAqSwapsScheduleLVBKeys,src/AQ_API/source/aqSwapsSchedule.h,src/validation/include/tryAqSwapsSchedule.h
aqSwapsStubRate,Swaps,stateless,tryAqSwapsStubRate,src/AQ_API/source/aqSwapsStubRate.h,src/validation/include/tryAqSwapsStubRate.h
aqSwapsStubRateLVBKeys,Swaps,stateless,tryAqSwapsStubRateLVBKeys,src/AQ_API/source/aqSwapsStubRate.h,src/validation/include/tryAqSwapsStubRate.h
aqToolsClearEntityPool,Tools,stateless,tryAqToolsClearEntityPool,src/AQ_API/source/aqToolsSetup.h,src/validation/include/tryAqToolsSetup.h
aqToolsInterpolation,Tools,stateless,tryAqToolsInterpolation,src/AQ_API/source/aqToolsInterpolation.h,src/validation/include/tryAqToolsInterpolation.h
aqToolsLVBAdd,Tools,stateless,tryAqToolsLVBAdd,src/AQ_API/source/aqToolsLVB.h,src/validation/include/tryAqToolsLVB.h
aqToolsLVBAppendAndCreate,Tools,stateless,tryAqToolsLVBAdd,src/AQ_API/source/aqToolsLVB.h,
aqToolsLVBCreate,Tools,stateless,tryAqToolsLVBCreate,src/AQ_API/source/aqToolsLVB.h,src/validation/include/tryAqToolsLVB.h
aqToolsLoadCalendarFile,Tools,stateless,tryAqToolsLoadCalendarFile,src/AQ_API/source/aqToolsSetup.h,src/validation/include/tryAqToolsSetup.h
aqToolsLoadStaticData,Tools,stateless,tryAqToolsLoadStaticData,src/AQ_API/source/aqToolsSetup.h,src/validation/include/tryAqToolsSetup.h
aqToolsPCA,Tools,stateless,tryAqToolsPCA,src/AQ_API/source/aqToolsPCA.h,src/validation/include/tryAqToolsPCA.h
aqToolsParallelModeEnable,Tools,stateless,tryAqToolsParallelModeEnable,src/AQ_API/source/aqToolsSetup.h,src/validation/include/tryAqToolsSetup.h
aqToolsParallelModeStatus,Tools,stateless,tryAqToolsParallelModeStatus,src/AQ_API/source/aqToolsSetup.h,src/validation/include/tryAqToolsSetup.h
aqToolsRecord,Tools,stateless,tryAqToolsRecord,src/AQ_API/source/aqToolsRecord.h,src/validation/include/tryAqToolsRecord.h
aqToolsVersion,Tools,stateless,tryAqToolsVersion,src/AQ_API/source/aqToolsSetup.h,src/validation/include/tryAqToolsSetup.h
